practitioner_id,name,profession,division,registration_type,speciality,location,postcode_searched
MED0001347886,Dr Ilona  Bewsher,Medical Practitioner,,General,,"Glebe, TAS, 7000",7000
MED0002001550,Dr Alistair David Varidel,Medical Practitioner,,General,,"Glebe, TAS, 7000",7000
MED0002001550,Dr Alistair David Varidel,Medical Practitioner,,"Specialist  Surgery, Oral and maxillofacial surgery","Surgery, Oral and maxillofacial surgery","Glebe, TAS, 7000",7000
MED0002161566,Dr Mugil Varman Rajasekaran,Medical Practitioner,,"Specialist  Radiology, Diagnostic radiology","Radiology, Diagnostic radiology","Hobart, TAS, 7000",7000
MED0001617990,Dr Hannah Elizabeth Makrides,Medical Practitioner,,General,,"Hobart, TAS, 7000",7000
MED0001617990,Dr Hannah Elizabeth Makrides,Medical Practitioner,,Specialist  Emergency medicine,Emergency medicine,"Hobart, TAS, 7000",7000
MED0002547905,Dr Lhendup Khorlo Gyelpo,Medical Practitioner,,General,,"Hobart, TAS, 7000",7000
MED0002796001,Dr Stanley Simon Keyworth Broughton,Medical Practitioner,,General,,"Hobart, TAS, 7000",7000
MED0002271747,Dr Gertrud Agnes De Boer,Medical Practitioner,,General,,"Hobart, TAS, 7000",7000
MED0002037052,Dr Vijay Vishnu Gaikhe,Medical Practitioner,,General,,"Hobart, TAS, 7000",7000
MED0001186691,Dr Michael  Bunting,Medical Practitioner,,General,,"Hobart, TAS, 7000",7000
MED0001186691,Dr Michael  Bunting,Medical Practitioner,,Specialist  Obstetrics and gynaecology,Obstetrics and gynaecology,"Hobart, TAS, 7000",7000
MED0000939014,Dr Nicholas James Brett,Medical Practitioner,,General,,"Hobart, TAS, 7000",7000
MED0000939014,Dr Nicholas James Brett,Medical Practitioner,,"Specialist  Radiology, Diagnostic radiology","Radiology, Diagnostic radiology","Hobart, TAS, 7000",7000
MED0002312980,Dr Eloise Lillian Pretoria Roffe,Medical Practitioner,,General,,"Hobart, TAS, 7000",7000
MED0002312980,Dr Eloise Lillian Pretoria Roffe,Medical Practitioner,,Specialist  General practice,General practice,"Hobart, TAS, 7000",7000
MED0002452316,Dr James William Mulcahy,Medical Practitioner,,General,,"Hobart, TAS, 7000",7000
MED0002796101,Dr Neoma Madeleine Fisher,Medical Practitioner,,General,,"Hobart, TAS, 7000",7000
MED0000942320,Dr Mathew Jason Yarrow,Medical Practitioner,,General,,"Hobart, TAS, 7000",7000
MED0000942320,Dr Mathew Jason Yarrow,Medical Practitioner,,Specialist  Anaesthesia,Anaesthesia,"Hobart, TAS, 7000",7000
MED0001926749,Dr Yi Chao  Foong,Medical Practitioner,,General,,"Hobart, TAS, 7000",7000
MED0001926749,Dr Yi Chao  Foong,Medical Practitioner,,"Specialist  Physician, Neurology","Physician, Neurology","Hobart, TAS, 7000",7000
MED0002636371,Dr Ruba  Alobaidy,Medical Practitioner,,Specialist  General practice,General practice,"Hobart, TAS, 7000",7000
MED0002513850,Dr Megan Elizabeth Walker,Medical Practitioner,,General,,"Hobart, TAS, 7000",7000
MED0001674200,Dr Emily Kate Cripps,Medical Practitioner,,General,,"Hobart, TAS, 7000",7000
MED0001674200,Dr Emily Kate Cripps,Medical Practitioner,,"Specialist  Paediatrics and child health, Neonatal and perinatal medicine","Paediatrics and child health, Neonatal and perinatal medicine","Hobart, TAS, 7000",7000
MED0001674200,Dr Emily Kate Cripps,Medical Practitioner,,"Specialist  Paediatrics and child health, General paediatrics","Paediatrics and child health, General paediatrics","Hobart, TAS, 7000",7000
MED0002592757,Dr Jennifer Yvonne Fife,Medical Practitioner,,General,,"Hobart, TAS, 7000",7000
MED0002592757,Dr Jennifer Yvonne Fife,Medical Practitioner,,Specialist  Anaesthesia,Anaesthesia,"Hobart, TAS, 7000",7000
MED0001208882,Dr Andrew George Traill,Medical Practitioner,,General,,"Hobart, TAS, 7000",7000
MED0001208882,Dr Andrew George Traill,Medical Practitioner,,Specialist  Ophthalmology,Ophthalmology,"Hobart, TAS, 7000",7000
MED0001908728,Dr Paul  Harvie,Medical Practitioner,,"Specialist  Surgery, Orthopaedic surgery","Surgery, Orthopaedic surgery","Hobart, TAS, 7000",7000
MED0001613443,Dr Jessica Kate Preece,Medical Practitioner,,General,,"Hobart, TAS, 7000",7000
MED0001613443,Dr Jessica Kate Preece,Medical Practitioner,,"Specialist  Surgery, General surgery","Surgery, General surgery","Hobart, TAS, 7000",7000
MED0001807735,Dr Rebecca Leanne Heath,Medical Practitioner,,General,,"Hobart, TAS, 7000",7000
MED0001807735,Dr Rebecca Leanne Heath,Medical Practitioner,,Specialist  Emergency medicine,Emergency medicine,"Hobart, TAS, 7000",7000
MED0000938953,Dr Pauline Bernadette Waites,Medical Practitioner,,General,,"Hobart, TAS, 7000",7000
MED0000938953,Dr Pauline Bernadette Waites,Medical Practitioner,,Specialist  Pain medicine,Pain medicine,"Hobart, TAS, 7000",7000
MED0000938953,Dr Pauline Bernadette Waites,Medical Practitioner,,"Specialist  Surgery, Neurosurgery","Surgery, Neurosurgery","Hobart, TAS, 7000",7000
MED0002439206,Dr Catherine Therese Cartwright,Medical Practitioner,,General,,"Hobart, TAS, 7000",7000
MED0001669302,Dr Nicole Elizabeth Baxter,Medical Practitioner,,General,,"Hobart, TAS, 7000",7000
MED0001669302,Dr Nicole Elizabeth Baxter,Medical Practitioner,,Specialist  Emergency medicine,Emergency medicine,"Hobart, TAS, 7000",7000
MED0001403154,Dr Dean Laurence Jones,Medical Practitioner,,General,,"Hobart, TAS, 7000",7000
MED0001403154,Dr Dean Laurence Jones,Medical Practitioner,,"Specialist  Physician, Neurology","Physician, Neurology","Hobart, TAS, 7000",7000
MED0000939029,Dr Sophia Anne Stewart,Medical Practitioner,,General,,"Hobart, TAS, 7000",7000
MED0000939029,Dr Sophia Anne Stewart,Medical Practitioner,,"Specialist  Radiology, Diagnostic radiology","Radiology, Diagnostic radiology","Hobart, TAS, 7000",7000
MED0002290080,Dr Nitin  Yogesh,Medical Practitioner,,Specialist  Pain medicine,Pain medicine,"Hobart, TAS, 7000",7000
MED0004024587,Dr Jayasinghe Arachchige Jayanika  Jayasinghe,Medical Practitioner,,Limited,,"Hobart, TAS, 7000",7000
MED0001264832,Dr Martin Patrick Newman,Medical Practitioner,,General,,"Hobart, TAS, 7000",7000
MED0001264832,Dr Martin Patrick Newman,Medical Practitioner,,"Specialist  Physician, Immunology and allergy","Physician, Immunology and allergy","Hobart, TAS, 7000",7000
MED0002395140,Dr Hnin Hnin Aye,Medical Practitioner,,General,,"Hobart, TAS, 7000",7000
MED0001913139,Dr Sajid Anwar Sayed,Medical Practitioner,,"Specialist  Surgery, Cardio-thoracic surgery","Surgery, Cardio-thoracic surgery","Hobart, TAS, 7000",7000
MED0002311343,Dr Camille Romana Kay,Medical Practitioner,,General,,"Hobart, TAS, 7000",7000
MED0000943303,Dr Victoria Elizabeth Carter,Medical Practitioner,,General,,"Hobart, TAS, 7000",7000
MED0000943303,Dr Victoria Elizabeth Carter,Medical Practitioner,,"Specialist  Paediatrics and child health, General paediatrics","Paediatrics and child health, General paediatrics","Hobart, TAS, 7000",7000
MED0001656662,Dr Sidhashini  Sreedharan,Medical Practitioner,,General,,"Hobart, TAS, 7000",7000
MED0001656662,Dr Sidhashini  Sreedharan,Medical Practitioner,,"Specialist  Physician, Rheumatology","Physician, Rheumatology","Hobart, TAS, 7000",7000
MED0001656662,Dr Sidhashini  Sreedharan,Medical Practitioner,,"Specialist  Physician, General medicine","Physician, General medicine","Hobart, TAS, 7000",7000
MED0000949628,Dr Naomi Elizabeth Spotswood,Medical Practitioner,,General,,"Hobart, TAS, 7000",7000
MED0000949628,Dr Naomi Elizabeth Spotswood,Medical Practitioner,,"Specialist  Paediatrics and child health, Neonatal and perinatal medicine","Paediatrics and child health, Neonatal and perinatal medicine","Hobart, TAS, 7000",7000
MED0001780899,Dr Cameron Gordon Robertson,Medical Practitioner,,General,,"Hobart, TAS, 7000",7000
MED0001780899,Dr Cameron Gordon Robertson,Medical Practitioner,,"Specialist  Surgery, Vascular surgery","Surgery, Vascular surgery","Hobart, TAS, 7000",7000
MED0002222446,Dr Mitchell James Netherton,Medical Practitioner,,General,,"Hobart, TAS, 7000",7000
MED0002222446,Dr Mitchell James Netherton,Medical Practitioner,,Specialist  General practice,General practice,"Hobart, TAS, 7000",7000
MED0001366216,Dr Ian Stefan Visagie,Medical Practitioner,,General,,"Hobart, TAS, 7000",7000
MED0001366216,Dr Ian Stefan Visagie,Medical Practitioner,,Specialist  General practice,General practice,"Hobart, TAS, 7000",7000
MED0002311214,Dr Victoria Jean Murton,Medical Practitioner,,General,,"Hobart, TAS, 7000",7000
MED0002073820,Dr Dominic Francis Maher-Pyrke,Medical Practitioner,,General,,"Hobart, TAS, 7000",7000
MED0002227066,Miss Eleanor Ann Nicklason,Medical Practitioner,,General,,"Hobart, TAS, 7000",7000
MED0002664290,Dr Anna Maria Koerner,Medical Practitioner,,General,,"Hobart, TAS, 7000",7000
MED0001375367,Dr Konrad Eugene Blackman,Medical Practitioner,,General,,"Hobart, TAS, 7000",7000
MED0001375367,Dr Konrad Eugene Blackman,Medical Practitioner,,Specialist  Emergency medicine,Emergency medicine,"Hobart, TAS, 7000",7000
MED0001206336,Dr Benjamin Carl Forster,Medical Practitioner,,General,,"Hobart, TAS, 7000",7000
MED0001206336,Dr Benjamin Carl Forster,Medical Practitioner,,"Specialist  Physician, Medical oncology","Physician, Medical oncology","Hobart, TAS, 7000",7000
MED0001206336,Dr Benjamin Carl Forster,Medical Practitioner,,Specialist  Palliative medicine,Palliative medicine,"Hobart, TAS, 7000",7000
MED0002567130,Dr Hannah Macdonald Birch,Medical Practitioner,,General,,"Hobart, TAS, 7000",7000
MED0002467661,Dr Tracy-Lee  Jansen,Medical Practitioner,,Specialist  Anaesthesia,Anaesthesia,"Hobart, TAS, 7000",7000
MED0000939734,Dr Raj  Gogia,Medical Practitioner,,General,,"Hobart, TAS, 7000",7000
MED0000939734,Dr Raj  Gogia,Medical Practitioner,,"Specialist  Surgery, Urology","Surgery, Urology","Hobart, TAS, 7000",7000
MED0001388601,Dr Jeremy John Wallace,Medical Practitioner,,General,,"Hobart, TAS, 7000",7000
MED0001388601,Dr Jeremy John Wallace,Medical Practitioner,,Specialist  Anaesthesia,Anaesthesia,"Hobart, TAS, 7000",7000
MED0001219662,Dr Stephanie Jane Lorimer,Medical Practitioner,,General,,"Hobart, TAS, 7000",7000
MED0001219662,Dr Stephanie Jane Lorimer,Medical Practitioner,,Specialist  Psychiatry,Psychiatry,"Hobart, TAS, 7000",7000
MED0001358140,Dr Paul James McCartney,Medical Practitioner,,General,,"Hobart, TAS, 7000",7000
MED0001358140,Dr Paul James McCartney,Medical Practitioner,,Specialist  Ophthalmology,Ophthalmology,"Hobart, TAS, 7000",7000
MED0000972168,Dr Stephen Michael Hogg,Medical Practitioner,,General,,"Hobart, TAS, 7000",7000
MED0000972168,Dr Stephen Michael Hogg,Medical Practitioner,,"Specialist  Physician, General medicine","Physician, General medicine","Hobart, TAS, 7000",7000
MED0000972168,Dr Stephen Michael Hogg,Medical Practitioner,,"Specialist  Physician, Infectious diseases","Physician, Infectious diseases","Hobart, TAS, 7000",7000
MED0001665265,Dr Jitendra Kumar Jain,Medical Practitioner,,General,,"Hobart, TAS, 7000",7000
MED0002221885,Dr Trent Maxwell Carr,Medical Practitioner,,General,,"Hobart, TAS, 7000",7000
MED0001131355,Dr Mark George Knox Veitch,Medical Practitioner,,General,,"Hobart, TAS, 7000",7000
MED0001131355,Dr Mark George Knox Veitch,Medical Practitioner,,Specialist  Public health medicine,Public health medicine,"Hobart, TAS, 7000",7000
MED0001408888,Dr Michael John Challis,Medical Practitioner,,General,,"Hobart, TAS, 7000",7000
MED0001408888,Dr Michael John Challis,Medical Practitioner,,Specialist  Anaesthesia,Anaesthesia,"Hobart, TAS, 7000",7000
MED0002810394,Dr Peregrine  Green,Medical Practitioner,,General,,"Hobart, TAS, 7000",7000
MED0002664258,Dr Wei De Benjamin  Ho,Medical Practitioner,,General,,"Hobart, TAS, 7000",7000
MED0000942337,Dr Guy William Bylsma,Medical Practitioner,,General,,"Hobart, TAS, 7000",7000
MED0000942337,Dr Guy William Bylsma,Medical Practitioner,,Specialist  Ophthalmology,Ophthalmology,"Hobart, TAS, 7000",7000
MED0002770648,Dr Oliver James Kelly,Medical Practitioner,,General,,"Hobart, TAS, 7000",7000
MED0002073625,Dr Nimish  Seth,Medical Practitioner,,General,,"Hobart, TAS, 7000",7000
MED0002218619,Dr   Shubhum Joshi,Medical Practitioner,,General,,"Hobart, TAS, 7000",7000
MED0002664313,Dr Benjamin Paul Denholm,Medical Practitioner,,General,,"Hobart, TAS, 7000",7000
MED0001403151,Dr Nicholas McKay Harkness,Medical Practitioner,,General,,"Hobart, TAS, 7000",7000
MED0001403151,Dr Nicholas McKay Harkness,Medical Practitioner,,"Specialist  Physician, Respiratory and sleep medicine","Physician, Respiratory and sleep medicine","Hobart, TAS, 7000",7000
MED0001381857,Dr Allan Raymond Beswick,Medical Practitioner,,General,,"Hobart, TAS, 7000",7000
MED0001381857,Dr Allan Raymond Beswick,Medical Practitioner,,Specialist  Physician,Physician,"Hobart, TAS, 7000",7000
MED0001381857,Dr Allan Raymond Beswick,Medical Practitioner,,Specialist  Intensive care medicine,Intensive care medicine,"Hobart, TAS, 7000",7000
MED0001198432,Dr Jee-Yoong  Leong,Medical Practitioner,,General,,"Hobart, TAS, 7000",7000
MED0001198432,Dr Jee-Yoong  Leong,Medical Practitioner,,"Specialist  Surgery, Cardio-thoracic surgery","Surgery, Cardio-thoracic surgery","Hobart, TAS, 7000",7000
MED0001264363,Dr Ray-Mund  Siauw,Medical Practitioner,,General,,"Hobart, TAS, 7000",7000
MED0001264363,Dr Ray-Mund  Siauw,Medical Practitioner,,Specialist  Emergency medicine,Emergency medicine,"Hobart, TAS, 7000",7000
MED0001396642,Dr David Llewellyn Brown,Medical Practitioner,,General,,"Hobart, TAS, 7000",7000
MED0001396642,Dr David Llewellyn Brown,Medical Practitioner,,Specialist  Anaesthesia,Anaesthesia,"Hobart, TAS, 7000",7000
MED0001355427,Dr David John Cottier,Medical Practitioner,,General,,"Hobart, TAS, 7000",7000
MED0001355427,Dr David John Cottier,Medical Practitioner,,"Specialist  Surgery, Vascular surgery","Surgery, Vascular surgery","Hobart, TAS, 7000",7000
MED0001993879,Dr Rohan John Lynham,Medical Practitioner,,General,,"Hobart, TAS, 7000",7000
MED0001993879,Dr Rohan John Lynham,Medical Practitioner,,Specialist  Anaesthesia,Anaesthesia,"Hobart, TAS, 7000",7000
MED0001209132,Dr Michael Jason Sangiorgio,Medical Practitioner,,General,,"Hobart, TAS, 7000",7000
MED0000941395,Dr Anders John Bown,Medical Practitioner,,General,,"Hobart, TAS, 7000",7000
MED0000941395,Dr Anders John Bown,Medical Practitioner,,Specialist  Anaesthesia,Anaesthesia,"Hobart, TAS, 7000",7000
MED0001099727,Dr Mohan  Marulaiah,Medical Practitioner,,"Specialist  Surgery, Paediatric surgery","Surgery, Paediatric surgery","Hobart, TAS, 7000",7000
MED0001207296,Dr Glenn Clifford Blanchette,Medical Practitioner,,General,,"Hobart, TAS, 7000",7000
MED0001207296,Dr Glenn Clifford Blanchette,Medical Practitioner,,Specialist  Obstetrics and gynaecology,Obstetrics and gynaecology,"Hobart, TAS, 7000",7000
MED0002715520,Dr Yan Lin  Kyaw,Medical Practitioner,,General,,"Hobart, TAS, 7000",7000
MED0001205069,Dr Jing Loong Lim,Medical Practitioner,,General,,"Hobart, TAS, 7000",7000
MED0001205069,Dr Jing Loong Lim,Medical Practitioner,,"Specialist  Physician, General medicine","Physician, General medicine","Hobart, TAS, 7000",7000
MED0002061332,Dr David Francis Ladyman,Medical Practitioner,,General,,"Hobart, TAS, 7000",7000
MED0002061332,Dr David Francis Ladyman,Medical Practitioner,,Specialist  Medical administration,Medical administration,"Hobart, TAS, 7000",7000
MED0002311304,Dr Anna Kate Thomas,Medical Practitioner,,General,,"Hobart, TAS, 7000",7000
MED0002345503,Dr Holly Jane Evans,Medical Practitioner,,General,,"Hobart, TAS, 7000",7000
MED0001201562,Dr Emily Frances Price,Medical Practitioner,,General,,"Hobart, TAS, 7000",7000
MED0001201562,Dr Emily Frances Price,Medical Practitioner,,Specialist  Obstetrics and gynaecology,Obstetrics and gynaecology,"Hobart, TAS, 7000",7000
MED0001409052,Dr Alison Mary Cleary,Medical Practitioner,,General,,"Hobart, TAS, 7000",7000
MED0001409052,Dr Alison Mary Cleary,Medical Practitioner,,"Specialist  Physician, Geriatric medicine","Physician, Geriatric medicine","Hobart, TAS, 7000",7000
MED0001677599,Dr Jacqueline Ann Brown,Medical Practitioner,,General,,"Hobart, TAS, 7000",7000
MED0001677599,Dr Jacqueline Ann Brown,Medical Practitioner,,Specialist  Obstetrics and gynaecology,Obstetrics and gynaecology,"Hobart, TAS, 7000",7000
MED0001209813,Dr Jennifer Claire  Jamieson,Medical Practitioner,,General,,"Hobart, TAS, 7000",7000
MED0001209813,Dr Jennifer Claire  Jamieson,Medical Practitioner,,Specialist  Emergency medicine,Emergency medicine,"Hobart, TAS, 7000",7000
MED0002651532,Dr Gesine  Peters,Medical Practitioner,,General,,"Hobart, TAS, 7000",7000
MED0002308666,Dr Antonia Charlotte Rowson,Medical Practitioner,,General,,"Hobart, TAS, 7000",7000
MED0002664272,Dr Hui Ying  Ng,Medical Practitioner,,General,,"Hobart, TAS, 7000",7000
MED0002118561,Dr Karlla Sabryna De Sousa Santos,Medical Practitioner,,General,,"Hobart, TAS, 7000",7000
MED0001371837,Dr Annette Maria Leitch,Medical Practitioner,,General,,"Hobart, TAS, 7000",7000
MED0001219966,Dr Emily Rose Ware,Medical Practitioner,,General,,"Hobart, TAS, 7000",7000
MED0001219966,Dr Emily Rose Ware,Medical Practitioner,,Specialist  General practice,General practice,"Hobart, TAS, 7000",7000
MED0002439222,Dr Claire Patricia Mackintosh,Medical Practitioner,,General,,"Hobart, TAS, 7000",7000
MED0002664307,Dr Lucinda Mary Southcott,Medical Practitioner,,General,,"Hobart, TAS, 7000",7000
MED0001666053,Dr Katherine  Witheridge,Medical Practitioner,,General,,"Hobart, TAS, 7000",7000
MED0001666053,Dr Katherine  Witheridge,Medical Practitioner,,Specialist  General practice,General practice,"Hobart, TAS, 7000",7000
MED0002147950,Dr Olivia Catherine Chung,Medical Practitioner,,General,,"Hobart, TAS, 7000",7000
MED0000936092,Dr Kristin Delia Bell,Medical Practitioner,,General,,"Hobart, TAS, 7000",7000
MED0000936092,Dr Kristin Delia Bell,Medical Practitioner,,Specialist  Ophthalmology,Ophthalmology,"Hobart, TAS, 7000",7000
MED0002000283,Dr Kathryn  Noakes,Medical Practitioner,,General,,"Hobart, TAS, 7000",7000
MED0002000283,Dr Kathryn  Noakes,Medical Practitioner,,Specialist  Anaesthesia,Anaesthesia,"Hobart, TAS, 7000",7000
MED0001679283,Dr Sanda  Smith,Medical Practitioner,,General,,"Hobart, TAS, 7000",7000
MED0001679283,Dr Sanda  Smith,Medical Practitioner,,"Specialist  Paediatrics and child health, Community child health","Paediatrics and child health, Community child health","Hobart, TAS, 7000",7000
MED0002453351,Dr Taylah Ann Leader,Medical Practitioner,,General,,"Hobart, TAS, 7000",7000
MED0002226706,Miss Alice Margaret Morris,Medical Practitioner,,General,,"Hobart, TAS, 7000",7000
MED0001679390,Dr Eliza  Maloney,Medical Practitioner,,Specialist  Paediatrics and child health,Paediatrics and child health,"Hobart, TAS, 7000",7000
MED0001679390,Dr Eliza  Maloney,Medical Practitioner,,Specialist  Rehabilitation medicine,Rehabilitation medicine,"Hobart, TAS, 7000",7000
MED0001646563,Dr Tayiba  Mudasir,Medical Practitioner,,General,,"Hobart, TAS, 7000",7000
MED0001646563,Dr Tayiba  Mudasir,Medical Practitioner,,"Specialist  Pathology, Anatomical pathology (including cytopathology)","Pathology, Anatomical pathology (including cytopathology)","Hobart, TAS, 7000",7000
MED0001670591,Dr Niles Elizabeth Nelson,Medical Practitioner,,General,,"Hobart, TAS, 7000",7000
MED0001670591,Dr Niles Elizabeth Nelson,Medical Practitioner,,"Specialist  Pathology, Haematology","Pathology, Haematology","Hobart, TAS, 7000",7000
MED0001670591,Dr Niles Elizabeth Nelson,Medical Practitioner,,"Specialist  Physician, Haematology","Physician, Haematology","Hobart, TAS, 7000",7000
MED0001670227,Dr Irene Marina Moyer De Miguel,Medical Practitioner,,General,,"Dynnyrne, TAS, 7005",7005
MED0001670227,Dr Irene Marina Moyer De Miguel,Medical Practitioner,,Specialist  Emergency medicine,Emergency medicine,"Dynnyrne, TAS, 7005",7005
MED0001927582,Dr Daniel Peter Jones,Medical Practitioner,,General,,"Sandy Bay, TAS, 7005",7005
MED0001163456,Dr Warwick Byron Dobson,Medical Practitioner,,General,,"Sandy Bay, TAS, 7005",7005
MED0001163456,Dr Warwick Byron Dobson,Medical Practitioner,,Specialist  Emergency medicine,Emergency medicine,"Sandy Bay, TAS, 7005",7005
MED0002569164,Dr Sarah Claire McCarthy,Medical Practitioner,,General,,"Sandy Bay, TAS, 7005",7005
MED0001933197,Dr Peter Clifford Loudon,Medical Practitioner,,General,,"Sandy Bay, TAS, 7005",7005
MED0001933197,Dr Peter Clifford Loudon,Medical Practitioner,,Specialist  General practice,General practice,"Sandy Bay, TAS, 7005",7005
MED0001648648,Dr Andrew Robert Jones,Medical Practitioner,,Specialist  Ophthalmology,Ophthalmology,"Sandy Bay, TAS, 7005",7005
MED0002066771,Dr Lachlan Kennedy Crowder,Medical Practitioner,,General,,"Sandy Bay, TAS, 7005",7005
MED0002066771,Dr Lachlan Kennedy Crowder,Medical Practitioner,,Specialist  Rehabilitation medicine,Rehabilitation medicine,"Sandy Bay, TAS, 7005",7005
MED0001219292,Dr Elena Ruth Jackson,Medical Practitioner,,General,,"Sandy Bay, TAS, 7005",7005
MED0001219292,Dr Elena Ruth Jackson,Medical Practitioner,,"Specialist  Physician, General medicine","Physician, General medicine","Sandy Bay, TAS, 7005",7005
MED0001219292,Dr Elena Ruth Jackson,Medical Practitioner,,"Specialist  Physician, Endocrinology","Physician, Endocrinology","Sandy Bay, TAS, 7005",7005
MED0001378677,Dr Spencer  Young,Medical Practitioner,,General,,"Sandy Bay, TAS, 7005",7005
MED0001378677,Dr Spencer  Young,Medical Practitioner,,Specialist  General practice,General practice,"Sandy Bay, TAS, 7005",7005
MED0001378685,Dr Jenelle Maree Cullen,Medical Practitioner,,General,,"Sandy Bay, TAS, 7005",7005
MED0001378685,Dr Jenelle Maree Cullen,Medical Practitioner,,Specialist  General practice,General practice,"Sandy Bay, TAS, 7005",7005
MED0000966103,Prof Sankar Nath Sinha,Medical Practitioner,,Non Practising,,"Sandy Bay, TAS, 7005",7005
MED0001651534,Dr Shirley Anne MacIntyre,Medical Practitioner,,Non Practising,,"Sandy Bay, TAS, 7005",7005
MED0000941356,Dr Peter John Flett,Medical Practitioner,,Non Practising,,"Sandy Bay, TAS, 7005",7005
MED0001342752,Dr Brent Lee Mitchell,Medical Practitioner,,General,,"Sandy Bay, TAS, 7005",7005
MED0001342752,Dr Brent Lee Mitchell,Medical Practitioner,,"Specialist  Physician, Gastroenterology and hepatology","Physician, Gastroenterology and hepatology","Sandy Bay, TAS, 7005",7005
MED0001902915,Dr Julie Meyers Vorenkamp,Medical Practitioner,,General,,"Sandy Bay, TAS, 7005",7005
MED0001350487,Dr Andrew Peter Jevtic,Medical Practitioner,,General,,"Sandy Bay, TAS, 7005",7005
MED0001350487,Dr Andrew Peter Jevtic,Medical Practitioner,,Specialist  Dermatology,Dermatology,"Sandy Bay, TAS, 7005",7005
MED0001795555,Dr Damian Francis Talbot,Medical Practitioner,,General,,"Sandy Bay, TAS, 7005",7005
MED0000944674,Dr Hannah Ruth Lake,Medical Practitioner,,General,,"Sandy Bay, TAS, 7005",7005
MED0000944674,Dr Hannah Ruth Lake,Medical Practitioner,,Specialist  Psychiatry,Psychiatry,"Sandy Bay, TAS, 7005",7005
MED0001347844,Dr Robert Edward White,Medical Practitioner,,General,,"Sandy Bay, TAS, 7005",7005
MED0001347844,Dr Robert Edward White,Medical Practitioner,,Specialist  General practice,General practice,"Sandy Bay, TAS, 7005",7005
MED0001347919,Dr Robert John Walters,Medical Practitioner,,General,,"Sandy Bay, TAS, 7005",7005
MED0001347919,Dr Robert John Walters,Medical Practitioner,,Specialist  General practice,General practice,"Sandy Bay, TAS, 7005",7005
MED0001388541,Dr Robin Jonathan Ivan Dubow,Medical Practitioner,,General,,"Sandy Bay, TAS, 7005",7005
MED0001388541,Dr Robin Jonathan Ivan Dubow,Medical Practitioner,,Specialist  General practice,General practice,"Sandy Bay, TAS, 7005",7005
MED0001811567,Dr Sarah Johanne Till,Medical Practitioner,,Specialist  General practice,General practice,"Sandy Bay, TAS, 7005",7005
MED0000939791,Dr John William Faulkner,Medical Practitioner,,General,,"Sandy Bay, TAS, 7005",7005
MED0000939791,Dr John William Faulkner,Medical Practitioner,,Specialist  General practice,General practice,"Sandy Bay, TAS, 7005",7005
MED0000939755,Dr Michael Brian Davie,Medical Practitioner,,General,,"Sandy Bay, TAS, 7005",7005
MED0000939755,Dr Michael Brian Davie,Medical Practitioner,,Specialist  Psychiatry,Psychiatry,"Sandy Bay, TAS, 7005",7005
MED0001935078,Dr Jiyi  Cheong,Medical Practitioner,,General,,"Sandy Bay, TAS, 7005",7005
MED0001935078,Dr Jiyi  Cheong,Medical Practitioner,,Specialist  General practice,General practice,"Sandy Bay, TAS, 7005",7005
MED0001371044,Dr Jill  Rogers,Medical Practitioner,,General,,"Sandy Bay, TAS, 7005",7005
MED0001371044,Dr Jill  Rogers,Medical Practitioner,,Specialist  General practice,General practice,"Sandy Bay, TAS, 7005",7005
MED0001677998,Dr Daniel Edward Gavaghan,Medical Practitioner,,General,,"Sandy Bay, TAS, 7005",7005
MED0001677998,Dr Daniel Edward Gavaghan,Medical Practitioner,,"Specialist  Physician, General medicine","Physician, General medicine","Sandy Bay, TAS, 7005",7005
MED0000938979,Dr Cornelius O'Malley O'Neill,Medical Practitioner,,Specialist  General practice,General practice,"Sandy Bay, TAS, 7005",7005
MED0001131265,Dr Zoe Weizhi Gao,Medical Practitioner,,General,,"Sandy Bay, TAS, 7005",7005
MED0001131265,Dr Zoe Weizhi Gao,Medical Practitioner,,Specialist  Ophthalmology,Ophthalmology,"Sandy Bay, TAS, 7005",7005
MED0001808638,Dr Alessandra Michaela Kraft,Medical Practitioner,,General,,"Sandy Bay, TAS, 7005",7005
MED0001808638,Dr Alessandra Michaela Kraft,Medical Practitioner,,Specialist  General practice,General practice,"Sandy Bay, TAS, 7005",7005
MED0001171457,Dr Jerzy  Tarnawski,Medical Practitioner,,General,,"Sandy Bay, TAS, 7005",7005
MED0001171457,Dr Jerzy  Tarnawski,Medical Practitioner,,Specialist  General practice,General practice,"Sandy Bay, TAS, 7005",7005
MED0001355397,Dr Peter Julian Sayers,Medical Practitioner,,General,,"Sandy Bay, TAS, 7005",7005
MED0001355397,Dr Peter Julian Sayers,Medical Practitioner,,Specialist  Anaesthesia,Anaesthesia,"Sandy Bay, TAS, 7005",7005
MED0001385161,Dr Penelope Jane Keble-Williams,Medical Practitioner,,Non Practising,,"Sandy Bay, TAS, 7005",7005
MED0001371822,Dr Timothy Chester Stewart,Medical Practitioner,,General,,"Sandy Bay, TAS, 7005",7005
MED0001371822,Dr Timothy Chester Stewart,Medical Practitioner,,Specialist  Occupational and environmental medicine,Occupational and environmental medicine,"Sandy Bay, TAS, 7005",7005
MED0001363558,Dr Marguerite Eleanor Broadby,Medical Practitioner,,General,,"Sandy Bay, TAS, 7005",7005
MED0001363558,Dr Marguerite Eleanor Broadby,Medical Practitioner,,Specialist  General practice,General practice,"Sandy Bay, TAS, 7005",7005
MED0000963375,Dr Alexander Aurelia Jasper,Medical Practitioner,,General,,"Sandy Bay, TAS, 7005",7005
MED0000963375,Dr Alexander Aurelia Jasper,Medical Practitioner,,Specialist  Psychiatry,Psychiatry,"Sandy Bay, TAS, 7005",7005
MED0001385244,Dr Ian Robert Hoyle,Medical Practitioner,,General,,"Sandy Bay, TAS, 7005",7005
MED0001385244,Dr Ian Robert Hoyle,Medical Practitioner,,Specialist  General practice,General practice,"Sandy Bay, TAS, 7005",7005
MED0002072126,Miss Alexandra Nina Robinson,Medical Practitioner,,General,,"Sandy Bay, TAS, 7005",7005
MED0001656965,Dr Maighdlin Mary Frances Galea,Medical Practitioner,,Non Practising,,"Sandy Bay, TAS, 7005",7005
MED0001392627,Dr Lilian Marie Samson,Medical Practitioner,,General,,"Sandy Bay, TAS, 7005",7005
MED0001392627,Dr Lilian Marie Samson,Medical Practitioner,,Specialist  General practice,General practice,"Sandy Bay, TAS, 7005",7005
MED0000943412,Dr Sara Kate Maloney,Medical Practitioner,,General,,"Sandy Bay, TAS, 7005",7005
MED0000943412,Dr Sara Kate Maloney,Medical Practitioner,,Specialist  General practice,General practice,"Sandy Bay, TAS, 7005",7005
MED0001396670,Dr Nina Yvette Rosewell,Medical Practitioner,,General,,"Sandy Bay, TAS, 7005",7005
MED0001396670,Dr Nina Yvette Rosewell,Medical Practitioner,,Specialist  General practice,General practice,"Sandy Bay, TAS, 7005",7005
MED0001350511,Dr Richard John Roffe,Medical Practitioner,,General,,"Sandy Bay, TAS, 7005",7005
MED0001350511,Dr Richard John Roffe,Medical Practitioner,,Specialist  General practice,General practice,"Sandy Bay, TAS, 7005",7005
MED0002606471,Dr Atapattuge Yamini Anuchana  Gunasekara,Medical Practitioner,,General,,"Sandy Bay, TAS, 7005",7005
MED0001674052,Dr Rekha  Ratnagobal,Medical Practitioner,,General,,"Sandy Bay, TAS, 7005",7005
MED0001674052,Dr Rekha  Ratnagobal,Medical Practitioner,,Specialist  General practice,General practice,"Sandy Bay, TAS, 7005",7005
MED0004005256,Dr Vimarshani Pavithra  Hewageegana,Medical Practitioner,,Limited,,"Sandy Bay, TAS, 7005",7005
MED0002065628,Dr Nicholas William Parkes,Medical Practitioner,,General,,"Sandy Bay, TAS, 7005",7005
MED0001385200,Dr Karen Patricia Gartlan,Medical Practitioner,,General,,"Sandy Bay, TAS, 7005",7005
MED0001385200,Dr Karen Patricia Gartlan,Medical Practitioner,,Specialist  General practice,General practice,"Sandy Bay, TAS, 7005",7005
MED0001375295,Dr Nicholas Barrington Cooling,Medical Practitioner,,General,,"Sandy Bay, TAS, 7005",7005
MED0001375295,Dr Nicholas Barrington Cooling,Medical Practitioner,,Specialist  General practice,General practice,"Sandy Bay, TAS, 7005",7005
MED0001640704,Dr Anna Monica Catharina Wittert Van Hoogland,Medical Practitioner,,General,,"Sandy Bay, TAS, 7005",7005
MED0001640704,Dr Anna Monica Catharina Wittert Van Hoogland,Medical Practitioner,,Specialist  General practice,General practice,"Sandy Bay, TAS, 7005",7005
MED0000938943,Dr Michael Andrew Evenhuis,Medical Practitioner,,General,,"Sandy Bay, TAS, 7005",7005
MED0000938943,Dr Michael Andrew Evenhuis,Medical Practitioner,,Specialist  Psychiatry,Psychiatry,"Sandy Bay, TAS, 7005",7005
MED0001371880,Dr Tomas Paul McArdle,Medical Practitioner,,General,,"Sandy Bay, TAS, 7005",7005
MED0001371880,Dr Tomas Paul McArdle,Medical Practitioner,,Specialist  General practice,General practice,"Sandy Bay, TAS, 7005",7005
MED0001076586,Dr Benjamin Donald Clark,Medical Practitioner,,General,,"Sandy Bay, TAS, 7005",7005
MED0001076586,Dr Benjamin Donald Clark,Medical Practitioner,,Specialist  General practice,General practice,"Sandy Bay, TAS, 7005",7005
MED0001602498,Dr Thomas Oscar Little,Medical Practitioner,,General,,"Sandy Bay, TAS, 7005",7005
MED0001602498,Dr Thomas Oscar Little,Medical Practitioner,,Specialist  General practice,General practice,"Sandy Bay, TAS, 7005",7005
MED0001360924,Dr Jonathan Keith Isles,Medical Practitioner,,General,,"Sandy Bay, TAS, 7005",7005
MED0001360924,Dr Jonathan Keith Isles,Medical Practitioner,,Specialist  General practice,General practice,"Sandy Bay, TAS, 7005",7005
MED0001335632,Dr Robert Alexander Simpson,Medical Practitioner,,General,,"Sandy Bay, TAS, 7005",7005
MED0001335632,Dr Robert Alexander Simpson,Medical Practitioner,,Specialist  General practice,General practice,"Sandy Bay, TAS, 7005",7005
MED0001381795,Dr Ross Edwin Kirkman,Medical Practitioner,,General,,"Sandy Bay, TAS, 7005",7005
MED0001381795,Dr Ross Edwin Kirkman,Medical Practitioner,,Specialist  Psychiatry,Psychiatry,"Sandy Bay, TAS, 7005",7005
MED0000938994,Dr Edwin Roscoe Taylor,Medical Practitioner,,Non Practising,,"Sandy Bay, TAS, 7005",7005
MED0000943577,Dr Tristan Daniel Johnson,Medical Practitioner,,General,,"Sandy Bay, TAS, 7005",7005
MED0000943577,Dr Tristan Daniel Johnson,Medical Practitioner,,Specialist  General practice,General practice,"Sandy Bay, TAS, 7005",7005
MED0002087455,Dr Chi Ming  Lau,Medical Practitioner,,Specialist  General practice,General practice,"Sandy Bay, TAS, 7005",7005
MED0001605722,Dr Nathan David Nielsen,Medical Practitioner,,General,,"Sandy Bay, TAS, 7005",7005
MED0001605722,Dr Nathan David Nielsen,Medical Practitioner,,Specialist  Ophthalmology,Ophthalmology,"Sandy Bay, TAS, 7005",7005
MED0001392740,Dr Richard Paul Ralph,Medical Practitioner,,General,,"Sandy Bay, TAS, 7005",7005
MED0001392740,Dr Richard Paul Ralph,Medical Practitioner,,Specialist  General practice,General practice,"Sandy Bay, TAS, 7005",7005
MED0001371814,Dr Leigh Kenneth Bowman,Medical Practitioner,,Non Practising,,"Sandy Bay, TAS, 7005",7005
MED0000943406,Dr Jeffery Robert Leslie Halliday,Medical Practitioner,,General,,"Sandy Bay, TAS, 7005",7005
MED0000943406,Dr Jeffery Robert Leslie Halliday,Medical Practitioner,,Specialist  General practice,General practice,"Sandy Bay, TAS, 7005",7005
MED0000983146,Dr Daniel Alexander Kulbac,Medical Practitioner,,General,,"Sandy Bay, TAS, 7005",7005
MED0000983146,Dr Daniel Alexander Kulbac,Medical Practitioner,,Specialist  General practice,General practice,"Sandy Bay, TAS, 7005",7005
MED0001403156,Dr John Joseph Madden,Medical Practitioner,,General,,"Sandy Bay, TAS, 7005",7005
MED0001403156,Dr John Joseph Madden,Medical Practitioner,,Specialist  General practice,General practice,"Sandy Bay, TAS, 7005",7005
MED0001669769,Dr Tristan James Yolland,Medical Practitioner,,General,,"Sandy Bay, TAS, 7005",7005
MED0001669769,Dr Tristan James Yolland,Medical Practitioner,,Specialist  General practice,General practice,"Sandy Bay, TAS, 7005",7005
MED0001388589,Dr Daniel Edward Rimmer,Medical Practitioner,,General,,"Sandy Bay, TAS, 7005",7005
MED0001388589,Dr Daniel Edward Rimmer,Medical Practitioner,,Specialist  General practice,General practice,"Sandy Bay, TAS, 7005",7005
MED0004031694,Dr Dhruv  Chawla,Medical Practitioner,,Provisional,,"Sandy Bay, TAS, 7005",7005
MED0001631654,Dr Richard Ian Hargreaves,Medical Practitioner,,General,,"Sandy Bay, TAS, 7005",7005
MED0001631654,Dr Richard Ian Hargreaves,Medical Practitioner,,Specialist  General practice,General practice,"Sandy Bay, TAS, 7005",7005
MED0001353186,Dr Paul David Thompson,Medical Practitioner,,General,,"Sandy Bay, TAS, 7005",7005
MED0001353186,Dr Paul David Thompson,Medical Practitioner,,Specialist  General practice,General practice,"Sandy Bay, TAS, 7005",7005
MED0002703214,Dr Pamela Kate MacIntyre,Medical Practitioner,,Specialist  Public health medicine,Public health medicine,"Sandy Bay, TAS, 7005",7005
MED0001604390,Dr Marika Natalia Pietrus,Medical Practitioner,,General,,"Sandy Bay, TAS, 7005",7005
MED0001604390,Dr Marika Natalia Pietrus,Medical Practitioner,,Specialist  General practice,General practice,"Sandy Bay, TAS, 7005",7005
MED0000941400,Dr Sou Cheng Gouy,Medical Practitioner,,General,,"Sandy Bay, TAS, 7005",7005
MED0000941400,Dr Sou Cheng Gouy,Medical Practitioner,,Specialist  General practice,General practice,"Sandy Bay, TAS, 7005",7005
MED0001912982,Dr Elinor Sian Kitson,Medical Practitioner,,General,,"Sandy Bay, TAS, 7005",7005
MED0001912982,Dr Elinor Sian Kitson,Medical Practitioner,,Specialist  General practice,General practice,"Sandy Bay, TAS, 7005",7005
MED0001640190,Dr Vaishali Sunil Bhalerao,Medical Practitioner,,General,,"Sandy Bay, TAS, 7005",7005
MED0001640190,Dr Vaishali Sunil Bhalerao,Medical Practitioner,,Specialist  Obstetrics and gynaecology,Obstetrics and gynaecology,"Sandy Bay, TAS, 7005",7005
MED0001640190,Dr Vaishali Sunil Bhalerao,Medical Practitioner,,Specialist  General practice,General practice,"Sandy Bay, TAS, 7005",7005
MED0001396585,Dr Fiona Sara Scott,Medical Practitioner,,General,,"Sandy Bay, TAS, 7005",7005
MED0001396585,Dr Fiona Sara Scott,Medical Practitioner,,Specialist  General practice,General practice,"Sandy Bay, TAS, 7005",7005
MED0000939804,Dr Sarah Elisabeth Jeffrey,Medical Practitioner,,General,,"Sandy Bay, TAS, 7005",7005
MED0000939804,Dr Sarah Elisabeth Jeffrey,Medical Practitioner,,"Specialist  Pathology, Anatomical pathology (including cytopathology)","Pathology, Anatomical pathology (including cytopathology)","Sandy Bay, TAS, 7005",7005
MED0001676223,Dr Ruth Heather Charlton,Medical Practitioner,,General,,"Sandy Bay, TAS, 7005",7005
MED0001676223,Dr Ruth Heather Charlton,Medical Practitioner,,Specialist  General practice,General practice,"Sandy Bay, TAS, 7005",7005
MED0001917034,Dr Hana Sarah Scorey,Medical Practitioner,,General,,"Sandy Bay, TAS, 7005",7005
MED0001917034,Dr Hana Sarah Scorey,Medical Practitioner,,Specialist  General practice,General practice,"Sandy Bay, TAS, 7005",7005
MED0001360883,Dr Susan Margaret Hampton,Medical Practitioner,,General,,"Sandy Bay, TAS, 7005",7005
MED0001360883,Dr Susan Margaret Hampton,Medical Practitioner,,Specialist  General practice,General practice,"Sandy Bay, TAS, 7005",7005
MED0001823236,Dr Elena  Smolianinova,Medical Practitioner,,General,,"Sandy Bay, TAS, 7005",7005
MED0001375400,Dr Jane  Tolman,Medical Practitioner,,General,,"Sandy Bay, TAS, 7005",7005
MED0001375400,Dr Jane  Tolman,Medical Practitioner,,"Specialist  Physician, Geriatric medicine","Physician, Geriatric medicine","Sandy Bay, TAS, 7005",7005
MED0001408898,Dr Elizabeth Alice Monks,Medical Practitioner,,General,,"Sandy Bay, TAS, 7005",7005
MED0001408898,Dr Elizabeth Alice Monks,Medical Practitioner,,Specialist  General practice,General practice,"Sandy Bay, TAS, 7005",7005
MED0001659272,Dr Sarah Jane Yolland,Medical Practitioner,,General,,"Sandy Bay, TAS, 7005",7005
MED0001659272,Dr Sarah Jane Yolland,Medical Practitioner,,Specialist  General practice,General practice,"Sandy Bay, TAS, 7005",7005
MED0002451350,Dr Holly Paton Wilkinson,Medical Practitioner,,General,,"Sandy Bay, TAS, 7005",7005
MED0000939018,Dr Misha Kruse Johnson,Medical Practitioner,,General,,"Sandy Bay, TAS, 7005",7005
MED0000939018,Dr Misha Kruse Johnson,Medical Practitioner,,Specialist  General practice,General practice,"Sandy Bay, TAS, 7005",7005
MED0004023205,Dr Melanie Jane Sprengers,Medical Practitioner,,Specialist  General practice,General practice,"Sandy Bay, TAS, 7005",7005
MED0004021075,Miss Dulanji Sapna Vinodani Ranathunga Hetti Arachchige,Medical Practitioner,,Provisional,,"Sandy Bay, TAS, 7005",7005
MED0002794386,Dr Ajda Frances Arsan,Medical Practitioner,,General,,"Sandy Bay, TAS, 7005",7005
MED0004047079,Dr Adriana Gabriela  Nevarez Flores,Medical Practitioner,,Limited,,"Sandy Bay, TAS, 7005",7005
MED0002891469,Dr Jeanmarie Ingrid Els,Medical Practitioner,,General,,"Sandy Bay, TAS, 7005",7005
MED0002881092,Dr Grace Elizabeth McMahon,Medical Practitioner,,General,,"Sandy Bay, TAS, 7005",7005
MED0002626667,Dr Azam  Hazeri,Medical Practitioner,,Limited,,"Sandy Bay, TAS, 7005",7005
MED0002311210,Dr Fiona  Beer,Medical Practitioner,,General,,"Lutana, TAS, 7009",7009
MED0002311210,Dr Fiona  Beer,Medical Practitioner,,Specialist  General practice,General practice,"Lutana, TAS, 7009",7009
MED0001342755,Dr James Thomas Conroy,Medical Practitioner,,General,,"Moonah, TAS, 7009",7009
MED0001342755,Dr James Thomas Conroy,Medical Practitioner,,Specialist  General practice,General practice,"Moonah, TAS, 7009",7009
MED0001209417,Dr Jianwei  Wang,Medical Practitioner,,General,,"Moonah, TAS, 7009",7009
MED0001209417,Dr Jianwei  Wang,Medical Practitioner,,Specialist  General practice,General practice,"Moonah, TAS, 7009",7009
MED0002849258,Dr Omid  Salehi Dashti,Medical Practitioner,,Limited,,"Moonah, TAS, 7009",7009
MED0000944557,Dr Luke Nicholas Craig,Medical Practitioner,,General,,"Moonah, TAS, 7009",7009
MED0000944557,Dr Luke Nicholas Craig,Medical Practitioner,,Specialist  General practice,General practice,"Moonah, TAS, 7009",7009
MED0000975225,Dr Alicia Jane Gauden,Medical Practitioner,,General,,"Moonah, TAS, 7009",7009
MED0000975225,Dr Alicia Jane Gauden,Medical Practitioner,,Specialist  General practice,General practice,"Moonah, TAS, 7009",7009
MED0002332165,Dr Andrea Marie Ercilla Chu,Medical Practitioner,,General,,"Moonah, TAS, 7009",7009
MED0001165074,Dr Kristine Robyn Barnden,Medical Practitioner,,General,,"Moonah, TAS, 7009",7009
MED0001165074,Dr Kristine Robyn Barnden,Medical Practitioner,,Specialist  Obstetrics and gynaecology,Obstetrics and gynaecology,"Moonah, TAS, 7009",7009
MED0002468177,Dr Tolulope Oluwaseun Bamidele,Medical Practitioner,,Specialist  General practice,General practice,"Moonah, TAS, 7009",7009
MED0001930289,Dr Andrew Allan Ean Thompson,Medical Practitioner,,General,,"Moonah, TAS, 7009",7009
MED0001930289,Dr Andrew Allan Ean Thompson,Medical Practitioner,,Specialist  General practice,General practice,"Moonah, TAS, 7009",7009
MED0001388515,Dr Arjun  Von Caemmerer,Medical Practitioner,,General,,"Moonah, TAS, 7009",7009
MED0001388515,Dr Arjun  Von Caemmerer,Medical Practitioner,,Specialist  General practice,General practice,"Moonah, TAS, 7009",7009
MED0000988667,Dr Katherine Janette Beales,Medical Practitioner,,General,,"Moonah, TAS, 7009",7009
MED0000988667,Dr Katherine Janette Beales,Medical Practitioner,,Specialist  General practice,General practice,"Moonah, TAS, 7009",7009
MED0001375394,Dr Hamley Dean Perry,Medical Practitioner,,General,,"Moonah, TAS, 7009",7009
MED0001375394,Dr Hamley Dean Perry,Medical Practitioner,,Specialist  General practice,General practice,"Moonah, TAS, 7009",7009
MED0000939818,Dr Mojca  Winani,Medical Practitioner,,General,,"Moonah, TAS, 7009",7009
MED0000939818,Dr Mojca  Winani,Medical Practitioner,,Specialist  General practice,General practice,"Moonah, TAS, 7009",7009
MED0001926361,Dr Bhavana Jaikishin Mirpuri,Medical Practitioner,,General,,"Moonah, TAS, 7009",7009
MED0001926361,Dr Bhavana Jaikishin Mirpuri,Medical Practitioner,,Specialist  General practice,General practice,"Moonah, TAS, 7009",7009
MED0004003042,Dr Min  Wang,Medical Practitioner,,Limited,,"Moonah, TAS, 7009",7009
MED0001124918,Dr Frank Thomas Formby,Medical Practitioner,,General,,"West Moonah, TAS, 7009",7009
MED0001124918,Dr Frank Thomas Formby,Medical Practitioner,,Specialist  Palliative medicine,Palliative medicine,"West Moonah, TAS, 7009",7009
MED0002148136,Dr Samuel Alexander McLeod Hunn,Medical Practitioner,,General,,"Derwent Park, TAS, 7009",7009
MED0001185146,Dr Angela Joy Forrest,Medical Practitioner,,General,,"Derwent Park, TAS, 7009",7009
MED0001185146,Dr Angela Joy Forrest,Medical Practitioner,,Specialist  General practice,General practice,"Derwent Park, TAS, 7009",7009
MED0001385195,Dr Jillian Louise Camier,Medical Practitioner,,General,,"Derwent Park, TAS, 7009",7009
MED0001385195,Dr Jillian Louise Camier,Medical Practitioner,,Specialist  General practice,General practice,"Derwent Park, TAS, 7009",7009
MED0001663636,Dr Renae  Vardi,Medical Practitioner,,General,,"Derwent Park, TAS, 7009",7009
MED0001663636,Dr Renae  Vardi,Medical Practitioner,,Specialist  General practice,General practice,"Derwent Park, TAS, 7009",7009
MED0002311279,Dr Lachlan Stephen Grueber,Medical Practitioner,,General,,"Derwent Park, TAS, 7009",7009
MED0002311279,Dr Lachlan Stephen Grueber,Medical Practitioner,,Specialist  General practice,General practice,"Derwent Park, TAS, 7009",7009
MED0000940542,Dr Helen Elizabeth Allison,Medical Practitioner,,Specialist  General practice,General practice,"Derwent Park, TAS, 7009",7009
MED0002061323,Dr Clive Andrew Reekie,Medical Practitioner,,General,,"Derwent Park, TAS, 7009",7009
MED0002061323,Dr Clive Andrew Reekie,Medical Practitioner,,Specialist  General practice,General practice,"Derwent Park, TAS, 7009",7009
MED0002439755,Dr Renuka  Muralidhaaran,Medical Practitioner,,General,,"Derwent Park, TAS, 7009",7009
MED0000938202,Dr Wojtek  Majchrzak,Medical Practitioner,,General,,"Derwent Park, TAS, 7009",7009
MED0000938202,Dr Wojtek  Majchrzak,Medical Practitioner,,Specialist  General practice,General practice,"Derwent Park, TAS, 7009",7009
MED0000998304,Dr Mark  Rathbone,Medical Practitioner,,General,,"Lindisfarne, TAS, 7015",7015
MED0000998304,Dr Mark  Rathbone,Medical Practitioner,,Specialist  General practice,General practice,"Lindisfarne, TAS, 7015",7015
MED0002146019,Dr Sophie Anne-Louise Briggs,Medical Practitioner,,General,,"Lindisfarne, TAS, 7015",7015
MED0002146019,Dr Sophie Anne-Louise Briggs,Medical Practitioner,,Specialist  General practice,General practice,"Lindisfarne, TAS, 7015",7015
MED0001755828,Dr Peter Reid Dick,Medical Practitioner,,Specialist  General practice,General practice,"Lindisfarne, TAS, 7015",7015
MED0000944556,Dr Hannah Elizabeth Kelly,Medical Practitioner,,General,,"Lindisfarne, TAS, 7015",7015
MED0000944556,Dr Hannah Elizabeth Kelly,Medical Practitioner,,Specialist  General practice,General practice,"Lindisfarne, TAS, 7015",7015
MED0002002788,Dr Thomas Leonard Boyle,Medical Practitioner,,General,,"Lindisfarne, TAS, 7015",7015
MED0001658232,Dr Amanda-Jane  Felmingham,Medical Practitioner,,General,,"Lindisfarne, TAS, 7015",7015
MED0001658232,Dr Amanda-Jane  Felmingham,Medical Practitioner,,Specialist  General practice,General practice,"Lindisfarne, TAS, 7015",7015
MED0001780278,Dr Nidhi Pradip Verma,Medical Practitioner,,General,,"Lindisfarne, TAS, 7015",7015
MED0001780278,Dr Nidhi Pradip Verma,Medical Practitioner,,Specialist  General practice,General practice,"Lindisfarne, TAS, 7015",7015
MED0002882466,Dr Ruben Pieter Alfons Burvenich,Medical Practitioner,,Specialist  General practice,General practice,"Lindisfarne, TAS, 7015",7015
MED0002311120,Dr Taylor Wilson Smith,Medical Practitioner,,General,,"Lindisfarne, TAS, 7015",7015
MED0002311120,Dr Taylor Wilson Smith,Medical Practitioner,,Specialist  General practice,General practice,"Lindisfarne, TAS, 7015",7015
MED0001756047,Dr Latika  Verma,Medical Practitioner,,General,,"Lindisfarne, TAS, 7015",7015
MED0001756047,Dr Latika  Verma,Medical Practitioner,,Specialist  General practice,General practice,"Lindisfarne, TAS, 7015",7015
MED0001404342,Dr Graeme David Scarr,Medical Practitioner,,General,,"Lindisfarne, TAS, 7015",7015
MED0001404342,Dr Graeme David Scarr,Medical Practitioner,,Specialist  General practice,General practice,"Lindisfarne, TAS, 7015",7015
MED0001331764,Dr Derek Leonard Mitchell,Medical Practitioner,,General,,"Lindisfarne, TAS, 7015",7015
MED0001331764,Dr Derek Leonard Mitchell,Medical Practitioner,,Specialist  General practice,General practice,"Lindisfarne, TAS, 7015",7015
MED0000942198,Dr Geoffrey Roy Donegan,Medical Practitioner,,General,,"Lindisfarne, TAS, 7015",7015
MED0000942198,Dr Geoffrey Roy Donegan,Medical Practitioner,,"Specialist  Paediatrics and child health, General paediatrics","Paediatrics and child health, General paediatrics","Lindisfarne, TAS, 7015",7015
MED0001381798,Dr Hilary Jane Bower,Medical Practitioner,,General,,"Lindisfarne, TAS, 7015",7015
MED0001381798,Dr Hilary Jane Bower,Medical Practitioner,,Specialist  General practice,General practice,"Lindisfarne, TAS, 7015",7015
MED0001672777,Dr Hannah Kate Jackson,Medical Practitioner,,General,,"Lindisfarne, TAS, 7015",7015
MED0001672777,Dr Hannah Kate Jackson,Medical Practitioner,,Specialist  General practice,General practice,"Lindisfarne, TAS, 7015",7015
MED0001178654,Dr Brigid Mary Vout,Medical Practitioner,,Non Practising,,"Lindisfarne, TAS, 7015",7015
MED0001780262,Dr Cassandra Anne Upston,Medical Practitioner,,General,,"Lindisfarne, TAS, 7015",7015
MED0001780262,Dr Cassandra Anne Upston,Medical Practitioner,,Specialist  General practice,General practice,"Lindisfarne, TAS, 7015",7015
MED0000941308,Dr Mark Raymond Nelson,Medical Practitioner,,General,,"Lindisfarne, TAS, 7015",7015
MED0000941308,Dr Mark Raymond Nelson,Medical Practitioner,,Specialist  General practice,General practice,"Lindisfarne, TAS, 7015",7015
MED0001585608,Dr Ritesh  Gupta,Medical Practitioner,,General,,"Lindisfarne, TAS, 7015",7015
MED0001585608,Dr Ritesh  Gupta,Medical Practitioner,,Specialist  General practice,General practice,"Lindisfarne, TAS, 7015",7015
MED0002238191,Dr Nicholas Sam Carr,Medical Practitioner,,General,,"Lindisfarne, TAS, 7015",7015
MED0002238191,Dr Nicholas Sam Carr,Medical Practitioner,,Specialist  General practice,General practice,"Lindisfarne, TAS, 7015",7015
MED0001347866,Dr Kannimangalam Rama Krishna,Medical Practitioner,,General,,"Lindisfarne, TAS, 7015",7015
MED0001347866,Dr Kannimangalam Rama Krishna,Medical Practitioner,,Specialist  General practice,General practice,"Lindisfarne, TAS, 7015",7015
MED0001331783,Dr Robert Ian Walker,Medical Practitioner,,Non Practising,,"Lindisfarne, TAS, 7015",7015
MED0001610015,Dr Ayush  Srivastava,Medical Practitioner,,General,,"Lindisfarne, TAS, 7015",7015
MED0001610015,Dr Ayush  Srivastava,Medical Practitioner,,Specialist  General practice,General practice,"Lindisfarne, TAS, 7015",7015
MED0001608258,Dr Adrian  Cakra,Medical Practitioner,,General,,"Lindisfarne, TAS, 7015",7015
MED0001608258,Dr Adrian  Cakra,Medical Practitioner,,Specialist  General practice,General practice,"Lindisfarne, TAS, 7015",7015
MED0000982267,Dr Hailey Rose Woolveridge,Medical Practitioner,,General,,"Lindisfarne, TAS, 7015",7015
MED0000982267,Dr Hailey Rose Woolveridge,Medical Practitioner,,Specialist  General practice,General practice,"Lindisfarne, TAS, 7015",7015
MED0001602160,Dr Emma Ruth Foster,Medical Practitioner,,General,,"Lindisfarne, TAS, 7015",7015
MED0001602160,Dr Emma Ruth Foster,Medical Practitioner,,Specialist  General practice,General practice,"Lindisfarne, TAS, 7015",7015
MED0001321489,Dr Graham Douglas Standen,Medical Practitioner,,General (Teaching and Assessing),,"Lindisfarne, TAS, 7015",7015
MED0002895022,Dr Chloe Frances Cooper,Medical Practitioner,,General,,"Lindisfarne, TAS, 7015",7015
MED0002311322,Dr Alexander Gerard Johnson,Medical Practitioner,,General,,"Lindisfarne, TAS, 7015",7015
MED0002311322,Dr Alexander Gerard Johnson,Medical Practitioner,,Specialist  General practice,General practice,"Lindisfarne, TAS, 7015",7015
MED0000939772,Dr Kelly Ann-Marie Shaw,Medical Practitioner,,General,,"Geilston Bay, TAS, 7015",7015
MED0000939772,Dr Kelly Ann-Marie Shaw,Medical Practitioner,,Specialist  General practice,General practice,"Geilston Bay, TAS, 7015",7015
MED0000939772,Dr Kelly Ann-Marie Shaw,Medical Practitioner,,Specialist  Public health medicine,Public health medicine,"Geilston Bay, TAS, 7015",7015
MED0001388527,Dr Beth Patricia Mulligan,Medical Practitioner,,General,,"Geilston Bay, TAS, 7015",7015
MED0001388527,Dr Beth Patricia Mulligan,Medical Practitioner,,Specialist  General practice,General practice,"Geilston Bay, TAS, 7015",7015
MED0001605872,Dr Sonny Ryan Atherton,Medical Practitioner,,General,,"Risdon Vale, TAS, 7016",7016
MED0001605872,Dr Sonny Ryan Atherton,Medical Practitioner,,Specialist  Psychiatry,Psychiatry,"Risdon Vale, TAS, 7016",7016
MED0001668172,Dr Tien Duc Nguyen,Medical Practitioner,,General,,"Risdon Vale, TAS, 7016",7016
MED0001668172,Dr Tien Duc Nguyen,Medical Practitioner,,Specialist  General practice,General practice,"Risdon Vale, TAS, 7016",7016
MED0001637927,Dr David Ogbonnaya Onu,Medical Practitioner,,General,,"Risdon Vale, TAS, 7016",7016
MED0001637927,Dr David Ogbonnaya Onu,Medical Practitioner,,Specialist  General practice,General practice,"Risdon Vale, TAS, 7016",7016
MED0004045221,Dr Akintunde Akinbiyi Akinkunmi,Medical Practitioner,,Provisional,,"Risdon Vale, TAS, 7016",7016
MED0001335699,Dr Milford Lees McArthur,Medical Practitioner,,General,,"Rokeby, TAS, 7019",7019
MED0001335699,Dr Milford Lees McArthur,Medical Practitioner,,Specialist  Psychiatry,Psychiatry,"Rokeby, TAS, 7019",7019
MED0002439009,Dr Lewis John Waight,Medical Practitioner,,General,,"Rokeby, TAS, 7019",7019
MED0002439009,Dr Lewis John Waight,Medical Practitioner,,Specialist  General practice,General practice,"Rokeby, TAS, 7019",7019
MED0001378669,Dr Shaunagh Anne Jones,Medical Practitioner,,General,,"Rokeby, TAS, 7019",7019
MED0001378669,Dr Shaunagh Anne Jones,Medical Practitioner,,Specialist  General practice,General practice,"Rokeby, TAS, 7019",7019
MED0002715375,Dr Ye Wint  Kyaw,Medical Practitioner,,General,,"Rokeby, TAS, 7019",7019
MED0001802426,Dr Shaun Edward Thayer,Medical Practitioner,,General,,"Rokeby, TAS, 7019",7019
MED0001802426,Dr Shaun Edward Thayer,Medical Practitioner,,Specialist  General practice,General practice,"Rokeby, TAS, 7019",7019
MED0001669363,Dr Sangeetha  Thummala,Medical Practitioner,,General,,"Rokeby, TAS, 7019",7019
MED0001669363,Dr Sangeetha  Thummala,Medical Practitioner,,Specialist  General practice,General practice,"Rokeby, TAS, 7019",7019
MED0001963464,Dr Egambarage Shan Semuthujeewa Rodrigo,Medical Practitioner,,General,,"Rokeby, TAS, 7019",7019
MED0002047659,Dr Deep Prakash Malla,Medical Practitioner,,Specialist  Psychiatry,Psychiatry,"Rokeby, TAS, 7019",7019
MED0001366283,Dr Timothy Graham Jackson,Medical Practitioner,,General,,"Rokeby, TAS, 7019",7019
MED0001366283,Dr Timothy Graham Jackson,Medical Practitioner,,Specialist  General practice,General practice,"Rokeby, TAS, 7019",7019
MED0002567406,Dr Thomas Patrick Macrossan,Medical Practitioner,,General,,"Rokeby, TAS, 7019",7019
MED0002900650,Dr Georgia Grace Moscatt,Medical Practitioner,,General,,"Rokeby, TAS, 7019",7019
MED0001055592,Dr Ian William Paterson,Medical Practitioner,,General,,"Sandford, TAS, 7020",7020
MED0001055592,Dr Ian William Paterson,Medical Practitioner,,Specialist  General practice,General practice,"Sandford, TAS, 7020",7020
MED0001156880,Dr Christina Mary Carroll,Medical Practitioner,,General,,"Sandford, TAS, 7020",7020
MED0001156880,Dr Christina Mary Carroll,Medical Practitioner,,Specialist  General practice,General practice,"Sandford, TAS, 7020",7020
MED0001156876,Dr David Maxwell Harwood,Medical Practitioner,,General,,"Sandford, TAS, 7020",7020
MED0001156876,Dr David Maxwell Harwood,Medical Practitioner,,Specialist  General practice,General practice,"Sandford, TAS, 7020",7020
MED0001603495,Dr Madelaine Ishbel Hanson,Medical Practitioner,,General,,"Cremorne, TAS, 7024",7024
MED0001603495,Dr Madelaine Ishbel Hanson,Medical Practitioner,,Specialist  General practice,General practice,"Cremorne, TAS, 7024",7024
MED0000979702,Dr Madeleine Sarah Curtis Wilcock,Medical Practitioner,,General,,"Richmond, TAS, 7025",7025
MED0000979702,Dr Madeleine Sarah Curtis Wilcock,Medical Practitioner,,Specialist  General practice,General practice,"Richmond, TAS, 7025",7025
MED0001685589,Dr Elizabeth Rouse Bates,Medical Practitioner,,General,,"Richmond, TAS, 7025",7025
MED0001685589,Dr Elizabeth Rouse Bates,Medical Practitioner,,Specialist  General practice,General practice,"Richmond, TAS, 7025",7025
MED0001345428,Dr Helen Marie Josephine McArdle,Medical Practitioner,,General,,"Melton Mowbray, TAS, 7030",7030
MED0001345428,Dr Helen Marie Josephine McArdle,Medical Practitioner,,Specialist  Medical administration,Medical administration,"Melton Mowbray, TAS, 7030",7030
MED0000941399,Dr Elizabeth Rowena Giles,Medical Practitioner,,Non Practising,,"Marion Bay, TAS, 7175",7175
MED0001405984,Dr Frances Lorraine Donaldson,Medical Practitioner,,Non Practising,,"Murdunna, TAS, 7178",7178
MED0001351371,Dr Jennifer Anne Graff,Medical Practitioner,,General,,"Nubeena, TAS, 7184",7184
MED0001351371,Dr Jennifer Anne Graff,Medical Practitioner,,Specialist  General practice,General practice,"Nubeena, TAS, 7184",7184
MED0000944803,Dr Jennifer Alice Conway,Medical Practitioner,,General,,"Nubeena, TAS, 7184",7184
MED0000944803,Dr Jennifer Alice Conway,Medical Practitioner,,Specialist  General practice,General practice,"Nubeena, TAS, 7184",7184
MED0002099424,Dr Shrima  Shrestha,Medical Practitioner,,General,,"Mowbray, TAS, 7248",7248
MED0002637773,Dr Patricia Faith Muddiman,Medical Practitioner,,Specialist  General practice,General practice,"Mowbray, TAS, 7248",7248
MED0001350432,Dr Andrew Robert Jackson,Medical Practitioner,,General,,"Mowbray, TAS, 7248",7248
MED0001350432,Dr Andrew Robert Jackson,Medical Practitioner,,Specialist  General practice,General practice,"Mowbray, TAS, 7248",7248
MED0001392608,Dr Meredith Anne Clezy,Medical Practitioner,,General,,"Mowbray, TAS, 7248",7248
MED0001392608,Dr Meredith Anne Clezy,Medical Practitioner,,Specialist  General practice,General practice,"Mowbray, TAS, 7248",7248
MED0000943470,Dr Jane Louise Hampson,Medical Practitioner,,Specialist  General practice,General practice,"Mowbray, TAS, 7248",7248
MED0002710284,Dr Akram  Mansourian,Medical Practitioner,,Limited,,"Mowbray, TAS, 7248",7248
MED0002812892,Dr Alireza  Farhangi,Medical Practitioner,,Limited,,"Mowbray, TAS, 7248",7248
MED0002686726,Dr Jason Jingsong  Zhang,Medical Practitioner,,General,,"Mowbray, TAS, 7248",7248
MED0002450581,Dr Maisen Paul Lockyer,Medical Practitioner,,General,,"Newnham, TAS, 7248",7248
MED0002770595,Dr Senudi Dinethmi Wijewardena,Medical Practitioner,,General,,"Newnham, TAS, 7248",7248
MED0002567627,Dr Ian Yi Kai Tan,Medical Practitioner,,General,,"Newnham, TAS, 7248",7248
MED0004037258,Dr Jesse David Rowlands,Medical Practitioner,,Provisional,,"Newnham, TAS, 7248",7248
MED0001548291,Dr Alison Mary Timms,Medical Practitioner,,General,,"Invermay, TAS, 7248",7248
MED0001548291,Dr Alison Mary Timms,Medical Practitioner,,Specialist  General practice,General practice,"Invermay, TAS, 7248",7248
MED0002033913,Dr Arya  Shahrdami,Medical Practitioner,,Specialist  General practice,General practice,"Invermay, TAS, 7248",7248
MED0001403091,Dr Susan Tessa Basson,Medical Practitioner,,General,,"Invermay, TAS, 7248",7248
MED0001403091,Dr Susan Tessa Basson,Medical Practitioner,,Specialist  General practice,General practice,"Invermay, TAS, 7248",7248
MED0001371885,Dr Daniel Mark Dawson Tucker,Medical Practitioner,,Non Practising,,"Invermay, TAS, 7248",7248
MED0004032532,Dr Yash Girishkumar  Kataria,Medical Practitioner,,Provisional,,"Invermay, TAS, 7248",7248
MED0001375397,Dr Paul Damian Scott,Medical Practitioner,,General,,"Riverside, TAS, 7250",7250
MED0001375397,Dr Paul Damian Scott,Medical Practitioner,,Specialist  General practice,General practice,"Riverside, TAS, 7250",7250
MED0001396656,Dr Amanda Lee Harman,Medical Practitioner,,General,,"Riverside, TAS, 7250",7250
MED0001396656,Dr Amanda Lee Harman,Medical Practitioner,,Specialist  General practice,General practice,"Riverside, TAS, 7250",7250
MED0001381809,Dr David Richard Cooke,Medical Practitioner,,General,,"Riverside, TAS, 7250",7250
MED0001381809,Dr David Richard Cooke,Medical Practitioner,,Specialist  General practice,General practice,"Riverside, TAS, 7250",7250
MED0001358064,Dr Helen Ann Dixon,Medical Practitioner,,General,,"Riverside, TAS, 7250",7250
MED0001358064,Dr Helen Ann Dixon,Medical Practitioner,,Specialist  General practice,General practice,"Riverside, TAS, 7250",7250
MED0002076645,Dr Madelaine Charlotte Grace Comfort,Medical Practitioner,,General,,"Riverside, TAS, 7250",7250
MED0002076645,Dr Madelaine Charlotte Grace Comfort,Medical Practitioner,,Specialist  General practice,General practice,"Riverside, TAS, 7250",7250
MED0001388590,Dr Kathryn Anne Roberts,Medical Practitioner,,General,,"Riverside, TAS, 7250",7250
MED0001388590,Dr Kathryn Anne Roberts,Medical Practitioner,,Specialist  General practice,General practice,"Riverside, TAS, 7250",7250
MED0001366237,Dr Janette Christine Radford,Medical Practitioner,,General,,"Riverside, TAS, 7250",7250
MED0001366237,Dr Janette Christine Radford,Medical Practitioner,,Specialist  General practice,General practice,"Riverside, TAS, 7250",7250
MED0002141433,Dr Danielle Anne Payne,Medical Practitioner,,General,,"Riverside, TAS, 7250",7250
MED0002141433,Dr Danielle Anne Payne,Medical Practitioner,,Specialist  General practice,General practice,"Riverside, TAS, 7250",7250
MED0002147893,Dr James Edward Pankhurst,Medical Practitioner,,General,,"Riverside, TAS, 7250",7250
MED0002637589,Dr Christine Andrea Muller Hering,Medical Practitioner,,General,,"Riverside, TAS, 7250",7250
MED0001854399,Dr Mary Lila Koshy,Medical Practitioner,,Non Practising,,"Riverside, TAS, 7250",7250
MED0002104449,Dr Gordon Thomas Orr,Medical Practitioner,,Specialist  General practice,General practice,"Riverside, TAS, 7250",7250
MED0000944669,Dr Matthew James Fassett,Medical Practitioner,,General,,"Riverside, TAS, 7250",7250
MED0000944669,Dr Matthew James Fassett,Medical Practitioner,,Specialist  General practice,General practice,"Riverside, TAS, 7250",7250
MED0002602425,Dr Tharindra Nirmani Adikari Nakandalage Dona,Medical Practitioner,,General,,"Riverside, TAS, 7250",7250
MED0001378648,Dr Michael Joseph Sladden,Medical Practitioner,,General,,"Riverside, TAS, 7250",7250
MED0001378648,Dr Michael Joseph Sladden,Medical Practitioner,,Specialist  Dermatology,Dermatology,"Riverside, TAS, 7250",7250
MED0001655697,Dr Ruth Elizabeth Winterton,Medical Practitioner,,Non Practising,,"Riverside, TAS, 7250",7250
MED0001674531,Dr Boon Shih Sie,Medical Practitioner,,General,,"Riverside, TAS, 7250",7250
MED0001674531,Dr Boon Shih Sie,Medical Practitioner,,Specialist  General practice,General practice,"Riverside, TAS, 7250",7250
MED0001674531,Dr Boon Shih Sie,Medical Practitioner,,Specialist  Medical administration,Medical administration,"Riverside, TAS, 7250",7250
MED0002147227,Dr Sarah Kate Nuttall,Medical Practitioner,,General,,"Riverside, TAS, 7250",7250
MED0002147227,Dr Sarah Kate Nuttall,Medical Practitioner,,Specialist  General practice,General practice,"Riverside, TAS, 7250",7250
MED0002568864,Dr Emma Jayne Donovan,Medical Practitioner,,General,,"Riverside, TAS, 7250",7250
MED0004046327,Dr Jasmine Grace Poole,Medical Practitioner,,Provisional,,"Riverside, TAS, 7250",7250
MED0002924974,Ms Mercy  Zengeni,Medical Practitioner,,Limited,,"Riverside, TAS, 7250",7250
MED0002875296,Dr Eloise Anne Day,Medical Practitioner,,General,,"Riverside, TAS, 7250",7250
MED0001585253,Dr Maria  Venter,Medical Practitioner,,Specialist  General practice,General practice,"Trevallyn, TAS, 7250",7250
MED0001805154,Dr Sophie Helena MacKenzie Main,Medical Practitioner,,General,,"Trevallyn, TAS, 7250",7250
MED0001805154,Dr Sophie Helena MacKenzie Main,Medical Practitioner,,Specialist  General practice,General practice,"Trevallyn, TAS, 7250",7250
MED0001674238,Dr Nicholas Stephen Stacey,Medical Practitioner,,General,,"Trevallyn, TAS, 7250",7250
MED0001674238,Dr Nicholas Stephen Stacey,Medical Practitioner,,Specialist  General practice,General practice,"Trevallyn, TAS, 7250",7250
MED0001323357,Dr Susan Margaret Gelston,Medical Practitioner,,General,,"Trevallyn, TAS, 7250",7250
MED0001323357,Dr Susan Margaret Gelston,Medical Practitioner,,Specialist  General practice,General practice,"Trevallyn, TAS, 7250",7250
MED0002685855,Dr James Francis Wilson,Medical Practitioner,,General,,"Trevallyn, TAS, 7250",7250
MED0002685855,Dr James Francis Wilson,Medical Practitioner,,Specialist  Anaesthesia,Anaesthesia,"Trevallyn, TAS, 7250",7250
MED0002685855,Dr James Francis Wilson,Medical Practitioner,,Specialist  Pain medicine,Pain medicine,"Trevallyn, TAS, 7250",7250
MED0002823519,Dr Preetam  Chappity,Medical Practitioner,,"Specialist  Surgery, Otolaryngology - head and neck surgery","Surgery, Otolaryngology - head and neck surgery","Launceston, TAS, 7250",7250
MED0001629309,Dr Sangeeth  Mohan,Medical Practitioner,,General,,"Launceston, TAS, 7250",7250
MED0001629309,Dr Sangeeth  Mohan,Medical Practitioner,,Specialist  Emergency medicine,Emergency medicine,"Launceston, TAS, 7250",7250
MED0000986507,Dr Thushantha Chameera Hendavitharana,Medical Practitioner,,General,,"Launceston, TAS, 7250",7250
MED0001869385,Dr Amanda Louise Clifford,Medical Practitioner,,General,,"Launceston, TAS, 7250",7250
MED0001869385,Dr Amanda Louise Clifford,Medical Practitioner,,Specialist  General practice,General practice,"Launceston, TAS, 7250",7250
MED0002747506,Dr Paul Conor Burke,Medical Practitioner,,General,,"Launceston, TAS, 7250",7250
MED0001118200,Dr Jeremy Thomas Sutton,Medical Practitioner,,General,,"Launceston, TAS, 7250",7250
MED0001118200,Dr Jeremy Thomas Sutton,Medical Practitioner,,Specialist  Anaesthesia,Anaesthesia,"Launceston, TAS, 7250",7250
MED0002785851,Dr Kuan Wei  Tan,Medical Practitioner,,General,,"Launceston, TAS, 7250",7250
MED0002227183,Dr Stephanie Ann Lam,Medical Practitioner,,General,,"Launceston, TAS, 7250",7250
MED0002664315,Dr Ashley Jean Draper,Medical Practitioner,,General,,"Launceston, TAS, 7250",7250
MED0002021517,Dr Kalyana Chakravarthy Pothapragada,Medical Practitioner,,Specialist  Anaesthesia,Anaesthesia,"Launceston, TAS, 7250",7250
MED0002621384,Dr Elsayed Mohamed Elmetwaly Elmetwaly,Medical Practitioner,,General,,"Launceston, TAS, 7250",7250
MED0002650872,Ms Harriet Bolam Ellis,Medical Practitioner,,Non Practising,,"Launceston, TAS, 7250",7250
MED0001116228,Dr Andrea  Jopp-McKay,Medical Practitioner,,General,,"Launceston, TAS, 7250",7250
MED0001116228,Dr Andrea  Jopp-McKay,Medical Practitioner,,Specialist  Dermatology,Dermatology,"Launceston, TAS, 7250",7250
MED0000952439,Dr Elizabeth Jane Cutfield,Medical Practitioner,,General,,"Launceston, TAS, 7250",7250
MED0000952439,Dr Elizabeth Jane Cutfield,Medical Practitioner,,Specialist  General practice,General practice,"Launceston, TAS, 7250",7250
MED0002770579,Dr Emma Mae Condie,Medical Practitioner,,General,,"Launceston, TAS, 7250",7250
MED0001924487,Dr Anjali  Singh Parajuli,Medical Practitioner,,General,,"Launceston, TAS, 7250",7250
MED0001675986,Dr Sana Arsalan Mahmud,Medical Practitioner,,General,,"Launceston, TAS, 7250",7250
MED0001675986,Dr Sana Arsalan Mahmud,Medical Practitioner,,Specialist  General practice,General practice,"Launceston, TAS, 7250",7250
MED0001203826,Dr Mohammad Ali Mustapha Trad,Medical Practitioner,,General,,"Launceston, TAS, 7250",7250
MED0001203826,Dr Mohammad Ali Mustapha Trad,Medical Practitioner,,"Specialist  Physician, Infectious diseases","Physician, Infectious diseases","Launceston, TAS, 7250",7250
MED0000944552,Dr Sui Hua Ling,Medical Practitioner,,General,,"Launceston, TAS, 7250",7250
MED0001603214,Dr Nicholas  Cheung,Medical Practitioner,,General,,"Launceston, TAS, 7250",7250
MED0001603214,Dr Nicholas  Cheung,Medical Practitioner,,"Specialist  Radiology, Diagnostic radiology","Radiology, Diagnostic radiology","Launceston, TAS, 7250",7250
MED0002633489,Dr Lidy Stefany Vargas Renza,Medical Practitioner,,General,,"Launceston, TAS, 7250",7250
MED0002638754,Dr Rathnayake Mudiyanselage Sujeewa Nirmalee Rathnayake,Medical Practitioner,,Limited,,"Launceston, TAS, 7250",7250
MED0001674226,Dr Kate  Scoles,Medical Practitioner,,General,,"Launceston, TAS, 7250",7250
MED0001674226,Dr Kate  Scoles,Medical Practitioner,,Specialist  General practice,General practice,"Launceston, TAS, 7250",7250
MED0001674226,Dr Kate  Scoles,Medical Practitioner,,Specialist  Sexual health medicine,Sexual health medicine,"Launceston, TAS, 7250",7250
MED0002562082,Dr Krishna  Komzak,Medical Practitioner,,General,,"Launceston, TAS, 7250",7250
MED0001350508,Dr John Ronald Roberts,Medical Practitioner,,General,,"Launceston, TAS, 7250",7250
MED0001350508,Dr John Ronald Roberts,Medical Practitioner,,"Specialist  Pathology, General pathology","Pathology, General pathology","Launceston, TAS, 7250",7250
MED0001197998,Dr Tom Matthew Hall,Medical Practitioner,,General,,"Launceston, TAS, 7250",7250
MED0001197998,Dr Tom Matthew Hall,Medical Practitioner,,Specialist  Anaesthesia,Anaesthesia,"Launceston, TAS, 7250",7250
MED0001219320,Dr Sarah Alice Louisa Van Vuuren,Medical Practitioner,,General,,"Launceston, TAS, 7250",7250
MED0001219320,Dr Sarah Alice Louisa Van Vuuren,Medical Practitioner,,"Specialist  Surgery, Plastic surgery","Surgery, Plastic surgery","Launceston, TAS, 7250",7250
MED0001206340,Dr Kyan  Ahdieh,Medical Practitioner,,General,,"Launceston, TAS, 7250",7250
MED0001206340,Dr Kyan  Ahdieh,Medical Practitioner,,Specialist  General practice,General practice,"Launceston, TAS, 7250",7250
MED0001672266,Dr Sharon Ann Allen,Medical Practitioner,,General,,"Launceston, TAS, 7250",7250
MED0001672266,Dr Sharon Ann Allen,Medical Practitioner,,"Specialist  Pathology, Haematology","Pathology, Haematology","Launceston, TAS, 7250",7250
MED0001672266,Dr Sharon Ann Allen,Medical Practitioner,,"Specialist  Physician, Haematology","Physician, Haematology","Launceston, TAS, 7250",7250
MED0001216397,Dr Megan Jane Corp,Medical Practitioner,,"Specialist  Paediatrics and child health, General paediatrics","Paediatrics and child health, General paediatrics","Launceston, TAS, 7250",7250
MED0001403140,Dr Stephen John Broadhurst,Medical Practitioner,,General,,"Launceston, TAS, 7250",7250
MED0001403140,Dr Stephen John Broadhurst,Medical Practitioner,,"Specialist  Radiology, Diagnostic radiology","Radiology, Diagnostic radiology","Launceston, TAS, 7250",7250
MED0002777546,Dr Luke Michael Haas,Medical Practitioner,,General,,"Launceston, TAS, 7250",7250
MED0002598662,Dr Mustafa Yaseen Taha Taha,Medical Practitioner,,General,,"Launceston, TAS, 7250",7250
MED0001385189,Dr Susan Julia Mallett,Medical Practitioner,,Non Practising,,"Launceston, TAS, 7250",7250
MED0002134565,Dr Vignesh  Rajasundaram,Medical Practitioner,,General,,"Launceston, TAS, 7250",7250
MED0002142717,Dr Maddison Elise Waters,Medical Practitioner,,General,,"Launceston, TAS, 7250",7250
MED0002309815,Dr Joshua Cameron Gell,Medical Practitioner,,General,,"Launceston, TAS, 7250",7250
MED0002311264,Dr Elle Taraire Maulder,Medical Practitioner,,General,,"Launceston, TAS, 7250",7250
MED0002700409,Dr Jee Eun  Oh,Medical Practitioner,,Non Practising,,"Launceston, TAS, 7250",7250
MED0002210069,Dr Alistair Orr Watson,Medical Practitioner,,General,,"Launceston, TAS, 7250",7250
MED0001381793,Dr Christopher James Bailey,Medical Practitioner,,General,,"Launceston, TAS, 7250",7250
MED0001381793,Dr Christopher James Bailey,Medical Practitioner,,"Specialist  Paediatrics and child health, General paediatrics","Paediatrics and child health, General paediatrics","Launceston, TAS, 7250",7250
MED0001201471,Dr Felicity Ann Dukes,Medical Practitioner,,General,,"Launceston, TAS, 7250",7250
MED0001201471,Dr Felicity Ann Dukes,Medical Practitioner,,Specialist  Obstetrics and gynaecology,Obstetrics and gynaecology,"Launceston, TAS, 7250",7250
MED0000940496,Dr Colin Lindsay Sharp,Medical Practitioner,,General,,"Launceston, TAS, 7250",7250
MED0000940496,Dr Colin Lindsay Sharp,Medical Practitioner,,"Specialist  Physician, General medicine","Physician, General medicine","Launceston, TAS, 7250",7250
MED0001395834,Dr Scott Barry Fanning,Medical Practitioner,,General,,"Launceston, TAS, 7250",7250
MED0001395834,Dr Scott Barry Fanning,Medical Practitioner,,"Specialist  Physician, Gastroenterology and hepatology","Physician, Gastroenterology and hepatology","Launceston, TAS, 7250",7250
MED0001190225,Dr James Christopher Mau,Medical Practitioner,,General,,"Launceston, TAS, 7250",7250
MED0001190225,Dr James Christopher Mau,Medical Practitioner,,"Specialist  Physician, Cardiology","Physician, Cardiology","Launceston, TAS, 7250",7250
MED0001609276,Dr Nishanthi Sorani Gurusinghe,Medical Practitioner,,General,,"Launceston, TAS, 7250",7250
MED0001609276,Dr Nishanthi Sorani Gurusinghe,Medical Practitioner,,"Specialist  Surgery, General surgery","Surgery, General surgery","Launceston, TAS, 7250",7250
MED0002271658,Dr Divya  Singh,Medical Practitioner,,General,,"Launceston, TAS, 7250",7250
MED0002271658,Dr Divya  Singh,Medical Practitioner,,Specialist  General practice,General practice,"Launceston, TAS, 7250",7250
MED0000951248,Dr Jo-Anne  Grey,Medical Practitioner,,General,,"Launceston, TAS, 7250",7250
MED0000951248,Dr Jo-Anne  Grey,Medical Practitioner,,Specialist  General practice,General practice,"Launceston, TAS, 7250",7250
MED0000943453,Dr Mark Harold Bell,Medical Practitioner,,General,,"Launceston, TAS, 7250",7250
MED0000943453,Dr Mark Harold Bell,Medical Practitioner,,Specialist  Radiation oncology,Radiation oncology,"Launceston, TAS, 7250",7250
MED0002082961,Dr Aswathy  Sasidharan Nair,Medical Practitioner,,General,,"Launceston, TAS, 7250",7250
MED0000939795,Dr Brian Andrew Herman,Medical Practitioner,,"Specialist  Physician, Cardiology","Physician, Cardiology","Launceston, TAS, 7250",7250
MED0001589486,Dr Ritwik  Pandey,Medical Practitioner,,"Specialist  Physician, Medical oncology","Physician, Medical oncology","Launceston, TAS, 7250",7250
MED0001206464,Dr Muhammad Umair Hayat,Medical Practitioner,,General,,"Launceston, TAS, 7250",7250
MED0001206464,Dr Muhammad Umair Hayat,Medical Practitioner,,"Specialist  Physician, Cardiology","Physician, Cardiology","Launceston, TAS, 7250",7250
MED0002677855,Dr Connor James Riches,Medical Practitioner,,General,,"Launceston, TAS, 7250",7250
MED0002770594,Dr Seniya Surin Wijewardena,Medical Practitioner,,General,,"Launceston, TAS, 7250",7250
MED0002070384,Dr Logan Daniel Kratzer,Medical Practitioner,,General,,"Launceston, TAS, 7250",7250
MED0002771638,Dr Raymond  Pavlov,Medical Practitioner,,General,,"Launceston, TAS, 7250",7250
MED0001780359,Dr Keith  Nicholas,Medical Practitioner,,General,,"Launceston, TAS, 7250",7250
MED0001897088,Dr Warwick John Lawson,Medical Practitioner,,General,,"Launceston, TAS, 7250",7250
MED0001897088,Dr Warwick John Lawson,Medical Practitioner,,Specialist  General practice,General practice,"Launceston, TAS, 7250",7250
MED0001201356,Dr Adam Douglas Reid,Medical Practitioner,,Specialist  Emergency medicine,Emergency medicine,"Launceston, TAS, 7250",7250
MED0000943557,Dr Robert Cadman Smithers,Medical Practitioner,,General,,"Launceston, TAS, 7250",7250
MED0001392758,Dr Andrew Francis Wallis,Medical Practitioner,,General,,"Launceston, TAS, 7250",7250
MED0001392758,Dr Andrew Francis Wallis,Medical Practitioner,,Specialist  Anaesthesia,Anaesthesia,"Launceston, TAS, 7250",7250
MED0000978769,Dr Lokesh  Varadiah Anand,Medical Practitioner,,General,,"Launceston, TAS, 7250",7250
MED0000978769,Dr Lokesh  Varadiah Anand,Medical Practitioner,,Specialist  Anaesthesia,Anaesthesia,"Launceston, TAS, 7250",7250
MED0000941431,Dr Bruce David Newman,Medical Practitioner,,General,,"Launceston, TAS, 7250",7250
MED0000941431,Dr Bruce David Newman,Medical Practitioner,,Specialist  Anaesthesia,Anaesthesia,"Launceston, TAS, 7250",7250
MED0002673481,Dr Vishal Kumar  Maheshwar,Medical Practitioner,,Specialist  Psychiatry,Psychiatry,"Launceston, TAS, 7250",7250
MED0001403092,Dr Francis Leslie Clark,Medical Practitioner,,General,,"Launceston, TAS, 7250",7250
MED0001403092,Dr Francis Leslie Clark,Medical Practitioner,,Specialist  Obstetrics and gynaecology,Obstetrics and gynaecology,"Launceston, TAS, 7250",7250
MED0000944696,Dr Jerome Hatherley Muir Wilson,Medical Practitioner,,General,,"Launceston, TAS, 7250",7250
MED0000944696,Dr Jerome Hatherley Muir Wilson,Medical Practitioner,,Specialist  General practice,General practice,"Launceston, TAS, 7250",7250
MED0001297018,Dr Donald Raymond McTaggart,Medical Practitioner,,General,,"Launceston, TAS, 7250",7250
MED0001297018,Dr Donald Raymond McTaggart,Medical Practitioner,,"Specialist  Physician, Cardiology","Physician, Cardiology","Launceston, TAS, 7250",7250
MED0001169215,Dr Matthew Peter Labattaglia,Medical Practitioner,,General,,"Launceston, TAS, 7250",7250
MED0001169215,Dr Matthew Peter Labattaglia,Medical Practitioner,,Specialist  Emergency medicine,Emergency medicine,"Launceston, TAS, 7250",7250
MED0000949497,Dr Matthew John Lee-Archer,Medical Practitioner,,General,,"Launceston, TAS, 7250",7250
MED0000949497,Dr Matthew John Lee-Archer,Medical Practitioner,,"Specialist  Physician, Neurology","Physician, Neurology","Launceston, TAS, 7250",7250
MED0002637347,Dr David Martin Nagle,Medical Practitioner,,General,,"Launceston, TAS, 7250",7250
MED0002063856,Mr James Stanley Kay,Medical Practitioner,,General,,"Launceston, TAS, 7250",7250
MED0000972452,Dr Collin Chun Kiat Chia,Medical Practitioner,,General,,"Launceston, TAS, 7250",7250
MED0000972452,Dr Collin Chun Kiat Chia,Medical Practitioner,,"Specialist  Physician, Respiratory and sleep medicine","Physician, Respiratory and sleep medicine","Launceston, TAS, 7250",7250
MED0002476386,Dr Peter Marco Nazir Sedra Mikheil,Medical Practitioner,,General,,"Launceston, TAS, 7250",7250
MED0001797508,Dr Hayden Paul De Mouncey,Medical Practitioner,,General,,"Launceston, TAS, 7250",7250
MED0001797508,Dr Hayden Paul De Mouncey,Medical Practitioner,,Specialist  Anaesthesia,Anaesthesia,"Launceston, TAS, 7250",7250
MED0002836059,Dr Zainab  Ijaz,Medical Practitioner,,General,,"Launceston, TAS, 7250",7250
MED0001433356,Dr Joanne Elizabeth Campbell,Medical Practitioner,,General,,"Launceston, TAS, 7250",7250
MED0001433356,Dr Joanne Elizabeth Campbell,Medical Practitioner,,"Specialist  Physician, Endocrinology","Physician, Endocrinology","Launceston, TAS, 7250",7250
MED0001264542,Dr Natasha  Hamilton,Medical Practitioner,,General,,"Launceston, TAS, 7250",7250
MED0001264542,Dr Natasha  Hamilton,Medical Practitioner,,"Specialist  Paediatrics and child health, General paediatrics","Paediatrics and child health, General paediatrics","Launceston, TAS, 7250",7250
MED0002296331,Dr Kavita  Murughan,Medical Practitioner,,General,,"Launceston, TAS, 7250",7250
MED0001870298,Dr Georgia  Bavin,Medical Practitioner,,General,,"Launceston, TAS, 7250",7250
MED0001870298,Dr Georgia  Bavin,Medical Practitioner,,Specialist  General practice,General practice,"Launceston, TAS, 7250",7250
MED0001144973,Dr Stefanie Francis Quast,Medical Practitioner,,General,,"Launceston, TAS, 7250",7250
MED0001144973,Dr Stefanie Francis Quast,Medical Practitioner,,Specialist  Anaesthesia,Anaesthesia,"Launceston, TAS, 7250",7250
MED0002173073,Dr Henda Witharanage Nalika Priyadarshani Hendawitharana,Medical Practitioner,,Specialist  General practice,General practice,"Launceston, TAS, 7250",7250
MED0002439229,Dr Alexandra Audrey Kear,Medical Practitioner,,General,,"Launceston, TAS, 7250",7250
MED0002633882,Ms Laura Camila Duque Rivera,Medical Practitioner,,General,,"Launceston, TAS, 7250",7250
MED0001964445,Dr Christina  Nitz,Medical Practitioner,,General,,"Launceston, TAS, 7250",7250
MED0001964445,Dr Christina  Nitz,Medical Practitioner,,"Specialist  Physician, Neurology","Physician, Neurology","Launceston, TAS, 7250",7250
MED0002138712,Dr Melanie Joyce Eden,Medical Practitioner,,General,,"Launceston, TAS, 7250",7250
MED0002759103,Dr Busisiwe Makhosazana Shamu,Medical Practitioner,,Specialist  Anaesthesia,Anaesthesia,"Launceston, TAS, 7250",7250
MED0002763299,Dr Ana Maria  Mejia Hermosa,Medical Practitioner,,General,,"Launceston, TAS, 7250",7250
MED0002102054,Dr Sneha Ann Ancheri,Medical Practitioner,,General,,"Launceston, TAS, 7250",7250
MED0002102054,Dr Sneha Ann Ancheri,Medical Practitioner,,Specialist  Anaesthesia,Anaesthesia,"Launceston, TAS, 7250",7250
MED0002328417,Dr Melinda Lee Sinclair,Medical Practitioner,,General,,"Launceston, TAS, 7250",7250
MED0002310187,Dr Naomi  Easaw-Mamutil,Medical Practitioner,,General,,"Launceston, TAS, 7250",7250
MED0001993876,Dr Sarah Elizabeth Anthony,Medical Practitioner,,General,,"Launceston, TAS, 7250",7250
MED0001993876,Dr Sarah Elizabeth Anthony,Medical Practitioner,,Specialist  General practice,General practice,"Launceston, TAS, 7250",7250
MED0001995958,Dr Sally Christina Perks,Medical Practitioner,,General,,"Launceston, TAS, 7250",7250
MED0001995958,Dr Sally Christina Perks,Medical Practitioner,,Specialist  Anaesthesia,Anaesthesia,"Launceston, TAS, 7250",7250
MED0002615225,Dr Micaela Cintia Bartol,Medical Practitioner,,General,,"Launceston, TAS, 7250",7250
MED0001686588,Dr Charmi Rangani Vithanarachchi,Medical Practitioner,,Specialist  General practice,General practice,"Launceston, TAS, 7250",7250
MED0002757335,Dr Naomi Grace Adekoya,Medical Practitioner,,General,,"Launceston, TAS, 7250",7250
MED0001674205,Dr Katherine Margaret Moore,Medical Practitioner,,General,,"Launceston, TAS, 7250",7250
MED0001674205,Dr Katherine Margaret Moore,Medical Practitioner,,Specialist  General practice,General practice,"Launceston, TAS, 7250",7250
MED0002803460,Dr Frances Ogilvy Smith,Medical Practitioner,,General,,"Launceston, TAS, 7250",7250
MED0001638756,Dr Preeti Baburao Deshpande,Medical Practitioner,,General,,"Launceston, TAS, 7250",7250
MED0001638756,Dr Preeti Baburao Deshpande,Medical Practitioner,,Specialist  General practice,General practice,"Launceston, TAS, 7250",7250
MED0001668271,Dr Jessica Frances Phillips,Medical Practitioner,,General,,"Launceston, TAS, 7250",7250
MED0001668271,Dr Jessica Frances Phillips,Medical Practitioner,,Specialist  Obstetrics and gynaecology,Obstetrics and gynaecology,"Launceston, TAS, 7250",7250
MED0001076587,Dr Alexandra  Newfield,Medical Practitioner,,General,,"West Launceston, TAS, 7250",7250
MED0001076587,Dr Alexandra  Newfield,Medical Practitioner,,Specialist  General practice,General practice,"West Launceston, TAS, 7250",7250
MED0000938197,Dr Jennifer  Barker,Medical Practitioner,,Non Practising,,"West Launceston, TAS, 7250",7250
MED0002469924,Dr Michael Denis Noonan,Medical Practitioner,,Non Practising,,"West Launceston, TAS, 7250",7250
MED0002756650,Dr Olga  Plotnikova,Medical Practitioner,,General,,"West Launceston, TAS, 7250",7250
MED0002068325,Miss Sarah Victoria Taylor,Medical Practitioner,,General,,"West Launceston, TAS, 7250",7250
MED0002068325,Miss Sarah Victoria Taylor,Medical Practitioner,,"Specialist  Physician, Gastroenterology and hepatology","Physician, Gastroenterology and hepatology","West Launceston, TAS, 7250",7250
MED0000938194,Dr Bruce Howard Barker,Medical Practitioner,,Non Practising,,"West Launceston, TAS, 7250",7250
MED0001342709,Dr Michael Joseph Monsour,Medical Practitioner,,General,,"Blackstone Heights, TAS, 7250",7250
MED0001342709,Dr Michael Joseph Monsour,Medical Practitioner,,"Specialist  Surgery, Urology","Surgery, Urology","Blackstone Heights, TAS, 7250",7250
MED0002454843,Dr Josephine Lucy Painter,Medical Practitioner,,General,,"George Town, TAS, 7253",7253
MED0002864060,Dr Sanjeewa Kumara  Mahamada Arachchilage,Medical Practitioner,,Limited,,"George Town, TAS, 7253",7253
MED0002439238,Dr Jacob Erick Rundle,Medical Practitioner,,General,,"George Town, TAS, 7253",7253
MED0002332154,Dr Elizabeth Melva Hargan,Medical Practitioner,,General,,"George Town, TAS, 7253",7253
MED0001346687,Dr Bronwyn  Haron,Medical Practitioner,,General,,"George Town, TAS, 7253",7253
MED0002551377,Dr Kathryn Anne Graham,Medical Practitioner,,General,,"George Town, TAS, 7253",7253
MED0002022099,Dr Ikechi Bright Gbenimacho,Medical Practitioner,,General,,"George Town, TAS, 7253",7253
MED0002022099,Dr Ikechi Bright Gbenimacho,Medical Practitioner,,Specialist  General practice,General practice,"George Town, TAS, 7253",7253
MED0001358079,Dr Philip Ian Dawson,Medical Practitioner,,General,,"George Town, TAS, 7253",7253
MED0001358079,Dr Philip Ian Dawson,Medical Practitioner,,Specialist  General practice,General practice,"George Town, TAS, 7253",7253
MED0000950949,Dr Caroline Jane Mooney,Medical Practitioner,,General,,"George Town, TAS, 7253",7253
MED0000950949,Dr Caroline Jane Mooney,Medical Practitioner,,Specialist  General practice,General practice,"George Town, TAS, 7253",7253
MED0001347912,Dr Timothy Joseph Mooney,Medical Practitioner,,General,,"George Town, TAS, 7253",7253
MED0001347912,Dr Timothy Joseph Mooney,Medical Practitioner,,Specialist  General practice,General practice,"George Town, TAS, 7253",7253
MED0001362619,Dr Robyn Anne Madden,Medical Practitioner,,Non Practising,,"George Town, TAS, 7253",7253
MED0001362621,Dr Geoffrey David Madden,Medical Practitioner,,General,,"George Town, TAS, 7253",7253
MED0001362621,Dr Geoffrey David Madden,Medical Practitioner,,Specialist  General practice,General practice,"George Town, TAS, 7253",7253
MED0002583009,Dr Ajay Pal Singh,Medical Practitioner,,Limited,,"George Town, TAS, 7253",7253
MED0004000443,Dr Christina Wagih Wessa Magaly,Medical Practitioner,,Limited,,"George Town, TAS, 7253",7253
MED0002830566,Dr Javaria  Khan,Medical Practitioner,,General,,"George Town, TAS, 7253",7253
MED0001350481,Dr Neil Allan Filgate,Medical Practitioner,,General,,"Relbia, TAS, 7258",7258
MED0001350481,Dr Neil Allan Filgate,Medical Practitioner,,Specialist  General practice,General practice,"Relbia, TAS, 7258",7258
MED0002194714,Dr Aruna Chaminda Suraweera Arachchige,Medical Practitioner,,General,,"Scottsdale, TAS, 7260",7260
MED0002194714,Dr Aruna Chaminda Suraweera Arachchige,Medical Practitioner,,Specialist  General practice,General practice,"Scottsdale, TAS, 7260",7260
MED0001381179,Dr Claire Louise Dunlop,Medical Practitioner,,General,,"Scottsdale, TAS, 7260",7260
MED0001381179,Dr Claire Louise Dunlop,Medical Practitioner,,Specialist  General practice,General practice,"Scottsdale, TAS, 7260",7260
MED0000978972,Dr Peter Cyrus Rizzo,Medical Practitioner,,General,,"Scottsdale, TAS, 7260",7260
MED0000978972,Dr Peter Cyrus Rizzo,Medical Practitioner,,Specialist  Emergency medicine,Emergency medicine,"Scottsdale, TAS, 7260",7260
MED0002845887,Dr Celine Caroline Mary  Gnanamuthu,Medical Practitioner,,Limited,,"Scottsdale, TAS, 7260",7260
MED0002731584,Dr Rodolfo Andres Ramirez Roldan,Medical Practitioner,,General,,"Scottsdale, TAS, 7260",7260
MED0002733271,Dr Parpati Alias Piryanka  Motiani,Medical Practitioner,,Limited,,"Scottsdale, TAS, 7260",7260
MED0000941305,Dr Gretchen L Neumann Stone,Medical Practitioner,,Specialist  General practice,General practice,"Scottsdale, TAS, 7260",7260
MED0001822862,Dr Fearon John Kelly,Medical Practitioner,,Specialist  General practice,General practice,"Scottsdale, TAS, 7260",7260
MED0002762230,Dr Kunjan  K C,Medical Practitioner,,Limited,,"Scottsdale, TAS, 7260",7260
MED0001774599,Dr Andrey  Yuvchenko,Medical Practitioner,,Specialist  General practice,General practice,"Lilydale, TAS, 7268",7268
MED0000949548,Dr Aamir  Mahmood,Medical Practitioner,,Specialist  General practice,General practice,"Lilydale, TAS, 7268",7268
MED0002616378,Dr Santosh Kumar  Shrestha,Medical Practitioner,,General,,"Beaconsfield, TAS, 7270",7270
MED0000944616,Dr Meredith Jane Webb,Medical Practitioner,,General,,"Beaconsfield, TAS, 7270",7270
MED0000944616,Dr Meredith Jane Webb,Medical Practitioner,,Specialist  General practice,General practice,"Beaconsfield, TAS, 7270",7270
MED0002160026,Dr Prashanth Reddy  Gangapuram,Medical Practitioner,,Specialist  General practice,General practice,"Beaconsfield, TAS, 7270",7270
MED0004022569,Dr Mahfuzul  Karim,Medical Practitioner,,Limited,,"Beaconsfield, TAS, 7270",7270
MED0002431312,Dr Sandhya Reddy Manchireddy,Medical Practitioner,,Limited,,"Beaconsfield, TAS, 7270",7270
MED0002762659,Dr Chetan Kumar  Panja,Medical Practitioner,,Limited,,"Beaconsfield, TAS, 7270",7270
MED0002876387,Dr Maabotuwana Vithanage Dinali Niwanthika Vithanage,Medical Practitioner,,General,,"Beaconsfield, TAS, 7270",7270
MED0002264170,Dr Kirtimalini Samson Dalbhanjan,Medical Practitioner,,Limited,,"Beaconsfield, TAS, 7270",7270
MED0001369868,Dr John Charles Vince,Medical Practitioner,,Non Practising,,"Beauty Point, TAS, 7270",7270
MED0001120472,Dr Rosemary Ellen Lee,Medical Practitioner,,General,,"Clarence Point, TAS, 7270",7270
MED0001120472,Dr Rosemary Ellen Lee,Medical Practitioner,,Specialist  General practice,General practice,"Clarence Point, TAS, 7270",7270
MED0001854019,Dr Edward  Ioussov,Medical Practitioner,,Specialist  General practice,General practice,"Legana, TAS, 7277",7277
MED0001345399,Dr Margaret Mary Phelan,Medical Practitioner,,Non Practising,,"Legana, TAS, 7277",7277
MED0001774029,Dr Wellalagoda Abhaya Nanayakkara,Medical Practitioner,,General,,"Legana, TAS, 7277",7277
MED0001774029,Dr Wellalagoda Abhaya Nanayakkara,Medical Practitioner,,Specialist  General practice,General practice,"Legana, TAS, 7277",7277
MED0001915723,Dr Lioudmila Vladimirovna Ioussov,Medical Practitioner,,Specialist  General practice,General practice,"Legana, TAS, 7277",7277
